file,pblancId,org,format,hashTags,trgetNm,period,title,download,has_attach,attach_name,surveyed,has_table,region,region_match,biz_age,size,industry,owner,other,note
PBLN_000000000126422.pdf,PBLN_000000000126422,충청남도,pdf,,소상공인,예산 소진시까지,[충남] 천안시 2026년 소상공인 특례보증 지원사업 공고,ok,N,,Y,N,천안시에서 사업장을 운영하는 소상공인,Y,없음,소상공인,없음,없음,사업자 등록 후 매출발생 기업; 소유부동산 압류·경매·개인회생·파산·신용회복지원 사실 제외; 대출금 연체·국세·지방세 체납 제외,[스캔] 이미지형 포스터 1p(텍스트 레이어 없음; OCR 필요)
PBLN_000000000126421.pdf,PBLN_000000000126421,충청남도,pdf,,소상공인,예산 소진시까지,[충남] 아산시 2026년 소상공인 특례보증 지원사업 공고,ok,N,,Y,N,아산시에서 사업장을 운영하는 소상공인,Y,없음,소상공인,없음,없음,사업자 등록 후 매출발생 기업; 소유부동산 압류·경매·개인회생·파산·신용회복지원 사실 제외; 대출금 연체·국세·지방세 체납 제외,[스캔] 이미지형 포스터 1p(텍스트 레이어 없음; OCR 필요)
PBLN_000000000126419.hwpx,PBLN_000000000126419,울산광역시,hwpx,,소상공인,2026-09-09 ~ 2026-09-18,[울산] 중구 2026년 소상공인 카드수수료 지원사업 추가모집 공고,ok,N,,,,,,,,,,,
PBLN_000000000126390.pdf,PBLN_000000000126390,중소벤처기업부,pdf,,소상공인,2026-09-10 ~ 2026-09-21,[경북] 2026년 소공인 AI 콘텐츠 마케팅 지원사업 참여기업 모집 공고,ok,Y,(신청서양식)2026년 경상북도 소공인 AI 콘텐츠 마케팅 지원 사업 모집 작성서식_0910.hwp,Y,Y,경상북도 內 본사를 두고 있는 소공인만 신청 가능,Y,없음,상시근로자 수 10인 미만 소상공인(소공인),"식품제조업 및 화장품제조업(KSIC 중분류 C10, C11, C20)",없음,휴·폐업·부도 제외; 국세·지방세 체납·채무불이행 제외; 정부사업 참여제한 제외; 2026년 정부 유사사업 수혜 소공인 신청 불가; 기업부담금 10% 이상,지원업종 표(붙임1) 및 소상공인 기준 해설 붙임 6p — 본문 조건과 붙임 기준 중복
PBLN_000000000126381.hwpx,PBLN_000000000126381,충청북도,hwpx,,소상공인,2026-09-07 ~ 2026-09-21,[충북] 보은군 2026년 3분기 청년 소상공인 점포 임차료 지원사업 참여자 모집 공고,ok,N,,,,,,,,,,,
PBLN_000000000126366.hwp,PBLN_000000000126366,경상북도,hwp,,소상공인,2026-08-24 ~ 2026-09-21,[경북] 고령군 2026년 소상공인 새바람 체인지업 사업 경영환경개선 희망 소상공인 추가모집 연장 공고,ok,Y,붙임2.[2026+경북+소상공인+새바람체인지업]+서식1~6.hwp@붙임3.[경북+소상공인+새바람체인지업]+QnA.hwp,,,,,,,,,,
PBLN_000000000126360.pdf,PBLN_000000000126360,경기도,pdf,,소상공인,2026-09-09 ~ 2026-09-18,[경기] 용인시 2026년 4차 소공인특화지원센터 지원사업 모집 공고,ok,Y,2-1[신청서] (일반) 마케팅 사업신청서 및 계획서 양식.hwp@2-2[신청서] (일반) 인증 및 산업재산권 사업신청서 및 계획서 양식.hwp@3. [별첨] ★ 2026년 지원사업 공통 안내문_260703.pdf@참고-소상공인24-신청방법-매뉴얼-등-필독자료.zip,Y,Y,용인 기흥구 영덕동·하갈동·구갈동·서천동·농서동·동백동·중동·언남동·청덕동에 본사 또는 공장 소재,N-좁음,없음,소공인(소상공인확인서 '소상공인' 명시 필수),"제조업 소공인; 주업종 C26, C28, C29",여성기업-우대(가점+1),정부·지자체 참여제한 및 체불사업주 명단 제외; 진흥원 2026년 사업 5개 이상 선정기업 제외; 세금체납·채무불이행·부도휴폐업 제외; 사행산업 제외; 최근 3개년 수혜이력 없는 기업 가점+2,읍면동(9개 동) 단위 지역조건; 제외대상·가감점 표(전년도 지원금·매출액 감점)
PBLN_000000000126320.pdf,PBLN_000000000126320,중소벤처기업부,pdf,,소상공인,2026-09-08 ~ 2026-10-16,2026년 전시회 부스 지원 참여 소상공인 모집 공고(고카프 킨텍스 더 파이널 시즌 PART 2),ok,Y,별첨 3. 고카프 소개자료.pdf@별첨 1. 2026년 전시회 부스 지원 참여 신청서 양식.hwp@별첨 2. 개인·기업 정보 수집이용 및 제3자 제공 프리미엄 멤버십 회비 반환 불가 동의서 양식.hwp,Y,Y,없음,Y-전국,없음,대표자 제외 상시근로자 5인 미만(제조·운수·광업 10인 미만) 소상공인,전시회(캠핑·아웃도어) 참여에 적합한 품목 보유,없음,AX 아카데미 교육 수강 + 연간 프리미엄 멤버십(유료 10만원) 가입 필수; 2026년 전시회 부스지원 참여 이력 제외; 개별 참여 확정 업체 제외; 사업자등록 없거나 휴·폐업 제외,업종 조건이 '품목 적합성'이라 KSIC 매핑 불가; 태그 전국(17개 시도 나열)=조건 없음
PBLN_000000000126296.pdf,PBLN_000000000126296,제주특별자치도,pdf,,여성기업,2026-01-01 ~ 2026-12-20,[제주] 서귀포시 2026년 소상공인 출산급여 지원사업 공고,ok,Y,소상공인 출산급여 신청서.hwp,Y,N,제주에 사업장을 두고 (서귀포시 사업; 접수처 주소지 읍면동주민센터),Y,출산일 기준 6개월 이상 사업 운영,1인 소상공인,없음,여성(당해 연도 출산한 1인 여성 소상공인)-필수,고용보험법상 출산 관련 고용보험 미적용; 출생 자녀를 제주에 출생 등록; 전년도 매출액 연 1200만원 이상 또는 최근 3개월 매출 발생,[스캔] 웹페이지 캡처형 이미지 PDF; 원문 지역조건은 '제주에 사업장'이나 서귀포시 사업이라 태그(제주·서귀포시)와 단위 애매
PBLN_000000000126280.hwpx,PBLN_000000000126280,부산광역시,hwpx,,소상공인,2026-09-14 ~ 2026-09-28,[부산] 연제구 2026년 노후간판 교체(지원) 사업 신청자 모집 공고,ok,Y,서식 및 참고자료(노후간판 교체 사업)★.hwpx,,,,,,,,,,
PBLN_000000000126263.pdf,PBLN_000000000126263,대전광역시,pdf,,소상공인,예산 소진시까지,[대전] 소상공인 상권분석 경영컨설팅 지원사업 하반기 모집 공고,ok,Y,상권분석_하반기_경영컨설팅_모집.pdf,Y,Y,대전광역시 내 사업장 운영 (예비창업자: 대전광역시 주민등록상 거주),Y,없음,소상공인 (또는 예비창업자),음식업·도소매·서비스·제조업 및 기타 생활밀접업종; 소상공인 정책자금 지원제외 업종(붙임1)·사치향락·투기조장 업종·무점포 또는 비접객 업종 제외,없음,비영리 개인사업자·법인·단체·조합 제외; 컨설팅 시 사업자등록증상 대표자 필수 참여; 타 시도로 사업장 이전·창업 예정 시 지원취소,예비창업자도 대상(거주요건)
PBLN_000000000126261.pdf,PBLN_000000000126261,경상북도,pdf,,소상공인,2026-09-09 ~ 2026-09-23,[경북] 김천시 2026년 하반기 소상공인 새바람 체인지업(점포개선) 사업 모집 공고,ok,Y,붙임.[2026 김천 하반기 소상공인 새바람체인지업(점포개선)] 소상공인 모집_공고문(완료).hwp@붙임2.[2026 김천 하반기 소상공인 새바람체인지업] 서식1~6.hwp,Y,Y,공고일 기준 사업장 주소가 김천시 관내 등록,Y,창업 3년 이상 (사업자등록증 개업일 기준 공고일까지),소상공인 (도소매·음식점·숙박·서비스업 상시종업원 5인 미만; 광업·제조·건설·운수업 10인 미만; 소기업 평균매출액 기준),사업지원 제외 업종(붙임1)·사치향락업종(골프장·무도장) 제외; 대기업 운영 프랜차이즈 직영점 제외,청년(만39세 이하)-우대(가점 3점),공고일 기준 영업 중인 점포(영업예정·비접객장소·창고·임대업 대상지 제외); 전년도 매출 0원 신고업체 제외; 국세·지방세 체납 제외; 휴·폐업·무점포 제외; 위반건축물 제외; 최근 3년 타기관 유사과제(1천만원 이상) 수혜자 제외; 21~26년 새바람체인지업·행복점포 선정업체 제외; 1인 1건,가점: 착한가격업소·모범납세자·사회적배려자·백년가게 등
PBLN_000000000126244.hwpx,PBLN_000000000126244,전남광주통합특별시,hwpx,,소상공인,2026-09-03 ~ 2026-09-28,[전남광주] 북구 2026년 3차 라이브커머스 지원 참여 소상공인 모집 공고,ok,Y,라이브커머스 지원 신청 서식(1~5).hwpx,,,,,,,,,,
PBLN_000000000126232.pdf,PBLN_000000000126232,서울특별시,pdf,,중소기업,상시 접수,[서울] 2026년 2차 소상공인 온라인 홍보관 참여 업체 모집 공고,ok,Y,(붙임)신청서 및 개인정보제공동의서(양식).pdf,Y,N,중랑구 관내 사업장을 둔 중소기업 및 소상공인,Y,없음,중소기업 및 소상공인,없음,없음,없음,별도 심사 없이 요건 충족 시 선정
PBLN_000000000126215.pdf,PBLN_000000000126215,경상북도,pdf,,소상공인,2026-04-29 ~ 2026-11-30,[경북] 봉화군 2026년 소상공인 카드수수료 지원사업 참여점포 모집 변경 공고,ok,Y,(붙임2)「2026년 경상북도 소상공인 카드수수료 지원사업」 지원 제한 업종 목록.pdf@(붙임3)신청양식(봉화군).hwp@자주 묻는 질문(FAQ)_2026년 경상북도 소상공인 카드수수료 지원사업.hwp,Y,Y,사업자등록증 상의 소재지가 봉화군인 소상공인,Y,없음,소상공인; 전년도(25년) 연매출액 3억원 이하,유흥업·도박 및 게임관련·투기 조장업 등 제외; 기타 지원제외 대상 업종(붙임1) 제외,없음,2026.1.1. 이전 폐업 업체 제외; 본인명의 통장 거래 불가 사업자 제외; 사업자 미등록·국세청 세무 미신고 업체 제외; 2025년 카드매출 없는 경우 제외,텍스트 추출 시 글자 순서 깨짐(이미지로 확인)
PBLN_000000000126212.pdf,PBLN_000000000126212,경상북도,pdf,,소상공인,2026-05-04 ~ 2026-11-30,[경북] 예천군 2026년 소상공인 카드수수료 지원사업 참여점포 모집 변경 공고,ok,Y,자주 묻는 질문(FAQ)_2026년 경상북도 소상공인 카드수수료 지원사업.hwp@(붙임2)「2026년 경상북도 소상공인 카드수수료 지원사업」 지원 제한 업종 목록.pdf@(붙임3)신청양식(예천군).hwp,Y,Y,사업자등록증 상의 소재지가 예천군인 소상공인,Y,없음,소상공인; 전년도(25년) 연매출액 3억원 이하,유흥업·도박 및 게임관련·투기 조장업 등 제외; 기타 지원제외 대상 업종(붙임1) 제외,없음,2026.1.1. 이전 폐업 업체 제외; 본인명의 통장 거래 불가 사업자 제외; 사업자 미등록·국세청 세무 미신고 업체 제외; 2025년 카드매출 없는 경우 제외,텍스트 추출 시 글자 순서 깨짐(이미지로 확인)
PBLN_000000000126201.pdf,PBLN_000000000126201,중소벤처기업부,pdf,,소상공인,2026-09-04 ~ 2026-09-18,2026년 4차 소상공인 물류 서비스 지원사업 참여기업 모집 공고,ok,Y,(주)한진 서비스 소개자료.pdf,Y,Y,없음,Y-전국,없음,소상공인 (온라인 판매 소상공인; 20개사 내외),온라인 판매 소상공인; 신청제외 상품(위험물·의약품·주류·냉장냉동 신선식품·전자상거래 관련 상품 등),없음,자부담 10%(22만원)+부가세 별도; 풀필먼트 이용 시 물류센터 입고 필요,[스캔] 포스터형 이미지 PDF; 상세 자격은 판판대로 공고 참조 필요; 업종이 아닌 취급 상품 기준 제외
PBLN_000000000126186.hwpx,PBLN_000000000126186,대구광역시,hwpx,,소상공인,예산 소진시까지,[대구] 수성구 2026년 소상공인시장진흥공단 정책자금 이차보전 지원 사업 공고,ok,N,,,,,,,,,,,
PBLN_000000000126184.hwpx,PBLN_000000000126184,대구광역시,hwpx,,소상공인,예산 소진시까지,[대구] 동구 2026년 하반기 소상공인 경영안정자금 지원사업 공고,ok,N,,,,,,,,,,,
PBLN_000000000126183.hwpx,PBLN_000000000126183,인천광역시,hwpx,,소상공인,예산 소진시까지,[인천] 강화군 소상공인 경영안정지원금 지급사업 공고,ok,N,,,,,,,,,,,
PBLN_000000000126165.pdf,PBLN_000000000126165,울산광역시,pdf,,소상공인,예산 소진시까지,[울산] 2026년 소상공인 해외상표 출원 지원사업 지원기업 모집 공고,ok,Y,[양식] 소상공인IP출원_후속지원 활용계획서_해외상표_2026ver.hwp,Y,N,울산지식재산센터에서 2026년 상표 출원 또는 IP창출종합패키지 지원을 수혜받은 소상공인 (울산지역 공고),Y,없음,소상공인 (소상공인기본법 제2조; 사업자등록증 보유),지원제외 업종(유흥향락·전문업종·금융보험업·부동산업 등) 제외,사업자등록증 상 대표자 본인-필수,울산지식재산센터 2026년 상표출원·IP창출종합패키지 수혜자(후속지원); 휴·폐업·금융기관 불량거래자·비영리 개인사업자·법인·조합 제외; 프랜차이즈 가맹점·가맹본부 제외; 자부담 40%,[스캔] 웹페이지 캡처형 이미지 PDF; 지역조건이 명시적 문구가 아닌 울산지식재산센터 수혜 이력으로 한정; 제외업종 상세는 첨부(2026 중기부 공고) 참조
PBLN_000000000126148.pdf,PBLN_000000000126148,서울특별시,pdf,,중소기업,2026-09-03 ~ 2026-09-18,[서울] 2026년 4차 소상공인 등 민간아이돌봄서비스 이용자 모집 공고,ok,Y,홍보포스터(심야돌봄).pdf@홍보 포스터.pdf,Y,Y,영업지(근무지)와 거주지 주소가 모두 서울 소재,Y,없음,소상공인 (사업주 및 상시근로자); 중소기업 워라밸 포인트제 기업 상시근로자; 야간근로자,소상공인 정책자금 융자지원 제한업종(붙임1) 제외,없음,생후 3개월~12세 이하 자녀(2013.9~2026.6 출생)를 둔 양육자; 신청인과 자녀 주민등록상 동일 주소; 서울형 손주돌봄수당 중복 제외; 타 시도 전출 시 종료; 야간근로자는 22시~06시 월 4회 이상 정기 근로(일시적 야근·재택·선택근로 제외),사업자가 아닌 근로자·양육자 대상 복지성 사업; 태그에 중소기업 포함
PBLN_000000000126102.pdf,PBLN_000000000126102,경상북도,pdf,,소상공인,예산 소진시까지,[경북] 청도군 2026년 소상공인 카드수수료 지원사업 참여 점포 모집 변경 공고,ok,Y,(붙임1)「2026년 경상북도 소상공인 카드수수료 지원사업」 지원 제한 업종 목록.pdf@(붙임2)「2026년 경상북도 소상공인 카드수수료 지원사업」 사업 신청 양식.hwp,Y,Y,사업자등록증 상 소재지가 청도군인 소상공인,Y,없음,소상공인; 2025년 매출액 3억원 이하,유흥업·도박 및 게임 관련·투기 조장업 등 제외; 기타 붙임1 제외 대상 업종,없음,2026.1.1. 이전 폐업 업체 제외; 본인 명의 통장 거래 불가 사업자 제외; 사업자 미등록·국세청 세무 미신고 업체 제외(간이과세자는 신고 여부 무관); 2025년 카드매출 없는 경우 제외,태그에 '3억원이하' 포함; 붙임1 업종표는 PDF에 미포함
PBLN_000000000126082.hwp,PBLN_000000000126082,충청북도,hwp,,소상공인,수시 접수,[충북] 2026 소상공인IP(지식재산)창출지원 (후속지원 해외상표) 사업 공고,ok,Y,후속지원 활용계획서(해외상표).hwp,,,,,,,,,,
PBLN_000000000126079.pdf,PBLN_000000000126079,충청남도,pdf,,소상공인,2026-09-01 ~ 2026-09-30,[충남] 2026년 2차 소상공인 화재보험료 지원사업 수정 공고,ok,Y,(수정 공고문) 2026년 충청남도 소상공인 화재보험료 지원사업(2차).hwpx@신청서식(2026년 충청남도 소상공인 화재보험료 지원사업(2차)).hwpx,Y,N,충남 도내 사업장 소재지; 추진시군 천안·공주·아산·서산·당진시·금산·청양·예산군 (그 외 시군은 예산 소진으로 종료),Y,없음,소상공인 (상시근로자 5명 미만·광업·제조·건설·운수업 10명 미만; 업종별 연매출 소기업 기준),소상공인정책자금 지원 제외 업종 제외,없음,26년 화재보험 가입 유지; 상반기 24만원 한도 기수혜자 제외; 공고일 기준 폐업자·사업자미등록자 제외; 전통시장 화재공제 가입자 제외; 유사·중복 국고·도비보조금 수혜자 제외; 다수 사업장은 1개만; 화재 취약 건물(건물급수 높은 순) 우선,태그 '천양군'은 청양군 오타; 태그 8개 시군은 공고 추진시군과 일치
PBLN_000000000126068.hwpx,PBLN_000000000126068,울산광역시,hwpx,,소상공인,예산 소진시까지,[울산] 2026년 4차 소상공인 경영안정자금 융자지원계획 공고,ok,N,,,,,,,,,,,
PBLN_000000000126060.pdf,PBLN_000000000126060,중소벤처기업부,pdf,,소상공인,상시 접수,2026년 5차 소상공인 온라인쇼핑몰 판매지원(온라인쇼핑몰ㆍ로컬상품관) 참여기업 모집 공고,ok,N,,Y,Y,없음,Y-전국,없음,소상공인 (소상공인기본법 제2조; 중기부 소상공인확인서 필수),소상공인 정책자금 융자 제외 대상 업종(붙임2) 제외,없음,접수마감일 현재 부도·휴·폐업 제외; 대표자 국세·지방세 체납 제외; 보조금법 위반 등 정부지원사업 참여제한 중 제외; 해외 수입상품·대기업 제조 상품 제외(해외 OEM은 계약서 첨부 시 가능); 동일기업 3년 연속참여 시 차년도 불가; 1개사당 지원한도 600만원; 로컬상품관은 사업장 소재 지자체몰 자동 배정,우대: 모두의 창업 프로젝트 통과·TOPS 2단계·백년소상공인·로컬크리에이터·협동조합 등 가점 +5; 디지털 특성화 대학 수료 +3; 붙임2 업종표는 PDF에 미포함
PBLN_000000000126059.pdf,PBLN_000000000126059,충청북도,pdf,,소상공인,2026-09-01 ~ 2027-08-31,[충북] 2026년 충북소상공인지원센터 소상공인 상생보험 지원사업 참여자 모집 공고,ok,Y,소상공인 지원대상 제외 업종(충북)_상생보험.pdf,Y,N,충북 도내에 사업장을 두고 운영중인 소상공인,Y,없음,소상공인,소상공인 정책자금 융자제외 대상 업종 지원불가,20세~65세 이내-필수(생명보험),(생명보험) 1·2금융권 대출 보유자 또는 정책 서민금융 이용자(대부업 제외); 생명보험 가입 가능한 자; 외국인은 보험가입 가능 비자; 예산 초과 시 취약계층→다자녀·고령자→연매출 적은 자 순 우선; (손해보험) 도내 소상공인 자동가입·전출·폐업 시 해지,생명보험·손해보험 2종으로 조건 상이; 대표자 연령은 하한·상한 모두 있음
PBLN_000000000126058.pdf,PBLN_000000000126058,경상남도,pdf,,소상공인,2026-09-01 ~ 2026-09-18,[경남] 2026년 소상공인 상생보험 지원사업 (경남 민생회복대출 안심보험) 가입 희망자 모집 공고 ,ok,Y,2026년_경상남도_소상공인_상생보험_지원사업_가입_희망자_모집공고(9.1.).hwp@(안내자료)한화생명_소상공인민생회복대출안심보험(무)(경남).pdf,Y,N,경상남도 지역 내 주민등록상 주소지 및 사업장,Y,없음,소상공인,없음,만 40세 이상~59세 이하-필수,경남신용보증재단 보증을 통한 1000만원 이상 대출 채무자; 보험사 가입 심사 통과 필요; 무료 보험(1년),거주지+사업장 모두 경남 요건
PBLN_000000000126045.pdf,PBLN_000000000126045,충청남도,pdf,,소상공인,예산 소진시까지,[충남] 2026년 프랜차이즈 가맹 소상공인 법률 지원사업 모집 공고,ok,Y,(서식) 2026년 프랜차이즈 가맹 소상공인 법률지원사업 신청 관련 서식.hwp,Y,N,충청남도 내 사업장을 둔 프랜차이즈 가맹 소상공인,Y,없음,소상공인 (소상공인확인서 필수),프랜차이즈 가맹점(가맹계약서 사본 필수),없음,가맹사업 관련 분쟁 해당 여부 검토; 동일 사안 기존 지원 여부 검토; 신청자 부담금 없음,없음
PBLN_000000000126034.hwpx,PBLN_000000000126034,경상남도,hwpx,,소상공인,2026-09-01 ~ 2026-09-23,2026년 남해군 면 지역 마을가게 창업 지원사업 참여자 모집 공고,ok,Y,(붙임 1) 참여신청서.hwpx@(붙임 2) 개인정보 수집 및 이용동의서.hwpx@(붙임 3) 지원금 신청서.hwpx,,,,,,,,,,
PBLN_000000000125987.hwpx,PBLN_000000000125987,전남광주통합특별시,hwpx,,소상공인,2026-08-24 ~ 2026-09-18,[전남광주] 고흥군 2026년 2차 소상공인 디지털 전환 지원사업 신청ㆍ접수 공고,ok,Y,2026년 소상공인 디지털 전환 지원 신청서(서식).hwpx,,,,,,,,,,
PBLN_000000000125986.hwpx,PBLN_000000000125986,전남광주통합특별시,hwpx,,소상공인,2026-09-01 ~ 2026-09-18,[전남광주] 고흥군 2026년 영세 소상공인 임대료 지원사업 공고,ok,Y,2026년 소상공인 임대료 지원 신청서(서식).hwpx,,,,,,,,,,
PBLN_000000000125985.hwpx,PBLN_000000000125985,전남광주통합특별시,hwpx,,소상공인,2026-09-01 ~ 2026-09-18,[전남광주] 고흥군 2026년 소상공인 희망플러스 지원사업 공고,ok,Y,2026년 소상공인 희망플러스 지원 신청서(서식).hwpx,,,,,,,,,,
PBLN_000000000125962.pdf,PBLN_000000000125962,경상북도,pdf,,소상공인,모집 완료시,[경북] 2026년 상인ㆍ소상공인 AI코칭 지원사업 참여자 모집 연장공고,ok,Y,[관련서식] 사업신청서 개인정보 수집이용제공 동의서.hwpx,Y,Y,공고일 기준 사업장 주소가 경주시·안동시·울진군·예천군·청송군에 등록 (종된 사업장은 본점 소재지 경북 한정),Y,없음,소상공인 (소상공인확인서 보유 필수),없음,없음,국세·지방세 체납 중인 사업자 제외; 지역별 선착순(경주 40·안동 35·예천 10·청송 8·울진 7개소),태그 5개 시군이 공고 대상지역과 일치; 텍스트 추출 시 글자 순서 일부 깨짐
PBLN_000000000125893.pdf,PBLN_000000000125893,제주특별자치도,pdf,,소상공인,2026-09-01 ~ 2026-12-31,[제주] 소상공인 민생회복 대출안심보험 지원사업 공고,ok,Y,[공고문2]+제주특별자치도+소상공인+민생회복+대출안심보험+지원사업_260826.pdf@제주경제통상진흥원_포스터_상생보험.pdf@붙임_지원 대상 제외업종.pdf,Y,Y,사업장 소재지가 제주도일 것,Y,없음,소상공인,없음,보험나이 20~65세-필수,도내 대출 1000만원 이상 보유; 보험료 제주특별자치도 전액 부담; 보험기간 1년,[스캔] 포스터형 이미지 PDF(9.3MB); 조건 3개만 명시되어 세부 자격은 QR 약관 참조 필요
PBLN_000000000125890.pdf,PBLN_000000000125890,울산광역시,pdf,,소상공인,예산 소진시까지,[울산] 2026년 소상공인 온라인 판로ㆍ마케팅 지원 사업 공고,ok,Y,2. (선정후) 비용지금요청서 및 사업평가.hwpx@3. 지원사업 포기 신청서.hwpx,Y,Y,울산광역시 내 사업장을 두고 사업을 영위,Y,없음,소상공인 (도소매·음식점·숙박·서비스업 상시종업원 5명 미만; 광업·제조·건설·운수업 10명 미만; 별표2 소기업 매출기준),사치향락업종(골프장·유흥주점 등) 지원제외 업종(별표1) 제외; 대기업 운영 프랜차이즈 직영점·가맹점 제외(소규모 프랜차이즈 가능); 부동산 중개업은 전체 규모의 20%(40개)로 제한,신청인과 사업자등록증상 대표자 일치-필수,2024~2026년 울산시·남구 온라인 플랫폼 지원사업 수혜자 제외; 휴·폐업(사실상 포함) 제외; 지방세 체납 제외; 본인 명의 통장 거래 불가 제외; 1인 1건; 자부담 10%+부가세,텍스트 추출 시 글자 순서 깨짐(이미지로 확인); 부동산 중개업 별도 쿼터
PBLN_000000000125880.pdf,PBLN_000000000125880,중소벤처기업부,pdf,,소상공인,2026-08-26 ~ 2026-09-30,2026년 2차 스마트상점 기술보급사업 참여 소상공인 모집 공고(구입형ㆍ렌탈형ㆍS/W형),ok,Y,2026년+스마트상점+사업신청+간편매뉴얼(SW형).pdf@2026년+스마트상점+사업신청+상세매뉴얼(구입렌탈형).pdf@2026년+스마트상점+사업신청+간편매뉴얼(구입렌탈형).pdf,Y,Y,없음,Y-전국,없음,소상공인 (소상공인기본법 제2조; 소상공인확인서 발급 가능 점포; S/W 가맹본부형은 브랜드별 가맹점 200개 미만 가맹본부),소상공인 스마트상점 지원제외 업종(참고3) 제외,장애인 사업주-우대(국비비율 +10%p); 간이과세자·1인 자영업자-우대(국비비율 +10%p); 대표자 본인 신청 필수(대리신청 불가),신청일 현재 정상 영업 중(예비창업·휴폐업 제외); 비영리사업자 제외(소상공인확인서 있으면 예외); 국세·지방세 체납 제외; 기존 스마트상점 기술보급 수혜자 제외(유형 간 추가지원 예외 있음); 자부담금+부가세 소상공인 부담; 의무사용기간 구입형 2년·렌탈·S/W형 1~2년; 우선지원: 우수 지역특화발전특구·서해5도·백년소상공인 등,우선지원 대상에 지역 요소(우수 특구·서해5도) 있으나 필수 조건 아님; 유형별(구입·렌탈·S/W) 조건 상이
PBLN_000000000125823.hwp,PBLN_000000000125823,경상북도,hwp,,소상공인,예산 소진시까지,[경북] 경주시 2026년 소상공인 카드수수료 지원사업 참여 점포 모집 변경 공고,ok,Y,붙임2. 「2026년 경상북도 소상공인 카드수수료 지원사업」 지원 제한 업종 목록.pdf@붙임3. 「2026년 경상북도 소상공인 카드수수료 지원사업」 사업 신청 양식.hwp,,,,,,,,,,
PBLN_000000000125737.hwpx,PBLN_000000000125737,제주특별자치도,hwpx,,소상공인,예산 소진시까지,[제주] 소상공인 저금리 대환대출 특별보증 한시적 이차보전금 지원 공고,ok,N,,,,,,,,,,,
PBLN_000000000125723.hwpx,PBLN_000000000125723,부산광역시,hwpx,,소상공인,2026-08-21 ~ 2026-09-23,[부산] 2027년 전통시장 및 상점가 등 시설현대화사업 공고,ok,Y,부산광역시 전통시장 및 상점가 시설현대화사업 운영지침.pdf,,,,,,,,,,
PBLN_000000000125717.pdf,PBLN_000000000125717,중소벤처기업부,pdf,,소상공인,2026-08-21 ~ 2026-09-30,2026년 백년소상공인 위생컨설팅 및 환경개선지원 사업 추가 공고,ok,Y,2026년 백년소상공인 위생컨설팅 및 환경개선지원 사업 추가공고.hwp,Y,Y,없음,Y-전국,없음,소상공인 (신청일 기준 소상공인 지위 유지; 범위 초과 백년소상공인 신청 불가),식품안심업소 대상 업종(휴게음식점·일반음식점·제과점·위탁급식·집단급식소),없음,백년소상공인 지정업체; 신청일 현재 부도·휴·폐업 제외; 국세·지방세 체납·금융기관 채무불이행 제외; 기존 식품안심업소(구 위생등급지정업소) 지정 업체 제외; 영업신고증 면적 외 불법건축물 제외; 청소비 50만원 초과분·부가세 자부담,백년소상공인 인증이 필수 전제(태그 '백년소상공인' 있음)
PBLN_000000000125699.hwp,PBLN_000000000125699,전남광주통합특별시,hwp,,소상공인,모집 완료시,[전남광주] 2026년 2차 우수 소상공인 기획전 참여 업체 모집 공고,ok,N,,,,,,,,,,,
PBLN_000000000125664.pdf,PBLN_000000000125664,중소벤처기업부,pdf,,소상공인,2026-08-19 ~ 2026-09-30,2026년 스마트 플래그십 스토어 (소담상회 with LOTTE ON) 모집 공고,ok,Y,기업회원용 사업신청 매뉴얼 (소담상회).pdf,Y,N,없음,Y-전국,없음,소상공인,없음,없음,지역 특산물 활용·가공 상품 제조 또는 지역 특산품·문화 활용 굿즈·리빙·팬시 상품 제작 또는 지역 로컬 콘텐츠·브랜드 보유 또는 지역 명인·전통 계승 프리미엄 소상공인,[스캔] 1페이지 포스터(이미지)만 있음; 모집대상이 품목·콘텐츠 조건(지역 특산물·굿즈·로컬 브랜드)으로 KSIC 매핑 불가; 오프라인 매장은 서울 성동구이나 신청자 지역 제한 없음
PBLN_000000000125620.pdf,PBLN_000000000125620,전남광주통합특별시,pdf,,소상공인,2026-08-19 ~ 2026-09-18,[전남광주] 목포시 2026년 착한가격업소 신규모집 공고,ok,Y,2026년 목포시 착한가격업소 신규 모집 공고문.hwpx,Y,Y,목포시 소재,Y,영업 개시 후 6개월 이상(6개월 미경과 제외),없음,개인서비스 업종(외식업·이미용업·세탁업 등); 프랜차이즈 가맹업소 불가,없음,가격이 주변 시세보다 저렴; 위생·청결 양호; 최근 2년 이내 행정처분·과태료 처분 제외; 지방세 3회 이상 또는 100만원 이상 체납 제외; 옥외가격표시제·원산지표시제 등 의무시책 미이행 제외; 심사 40점 이상,태그에 충북이 포함되어 있으나 공고는 목포시(전남광주) 한정 - 충북 태그는 오류; 업종 세부 품목은 붙임4 예시표(통계청 개인서비스요금 품목)에만 있음
PBLN_000000000125603.pdf,PBLN_000000000125603,부산광역시,pdf,,소상공인,2026-07-01 ~ 2026-09-30,2026년 디지털커머스 전문기관(소담스퀘어 in 부산) 제품사진 촬영지원 참가기업 모집 공고,ok,N,,Y,Y,없음(국내에 사업자를 둔 소상공인),Y-전국,없음,소상공인(광업·제조업·건설업·운수업 상시근로자 10명 미만; 그 밖의 업종 5명 미만; 중소기업확인서상 소상공인 확인 필수),소상공인정책자금 지원제외업종 제외(유흥주점·무도장·골프장·부동산업·금융·보험·담배도매·사행성 등),없음,휴·폐업 제외; 무점포 사업자 제외; 국세·지방세 체납 제외; 금융기관 불량거래처 제외; 대기업 프랜차이즈 직영점·가맹점 제외; 소담스퀘어 in 부산 지원사업 중복 지원 불가; 판판대로와 소담스퀘어 in 부산 홈페이지 모두 신청 필요,주관이 부산경제진흥원이나 지원대상은 국내 전체 소상공인(지역 제한 없음); 제한업종 표는 첨부 제1호에 있음
PBLN_000000000125560.pdf,PBLN_000000000125560,서울특별시,pdf,,중소기업,상시 접수,[서울] 서초구 2026년 소상공인 대상 AI 홍보 컨텐츠 제작지원 신청자 모집 공고,ok,Y,붙임__신청_제한업종_리스트.hwpx,Y,N,서초구 소재,N-좁음,없음,중·소상공인,없음,없음,온라인 판매가 가능한 제품 보유; 선착순 300개사; 소상공인 우선 선발 가능,[스캔] 1페이지 포스터(이미지)만 있음; 태그 지역 토큰은 서울·서울특별시(시군구 없음)이나 공고는 서초구 소재 한정
PBLN_000000000125511.hwpx,PBLN_000000000125511,서울특별시,hwpx,,소상공인,2026-08-12 ~ 2026-12-31,[서울] 종로구 2026년 소상공인 라이브커머스 지원사업 참여자 모집 재공고,ok,Y,(붙임2) 참여신청서 등.hwpx@(붙임3) 중소기업기본법 시행령 [별표3].hwpx@(붙임4) 소상공인 정책자금 융자제외 대상업종.hwpx,,,,,,,,,,
PBLN_000000000125451.pdf,PBLN_000000000125451,경상북도,pdf,,소상공인,예산 소진시까지,[경북] 칠곡군 2026년 소상공인 카드수수료 지원사업 참여점포 모집 변경 공고,ok,Y,(서식)「2026년 칠곡군 소상공인 카드수수료 지원사업」 신청 양식.hwp@자주 묻는 질문(FAQ)_2026년 경상북도 소상공인 카드수수료 지원사업.pdf,Y,Y,사업자등록증 상 소재지가 칠곡군,Y,없음,2025년 연매출액 3억원 이하 소상공인,유흥업·도박 및 게임관련·투기 조장업 등 제외(붙임1 지원제외 업종); 택시 및 유가보조금 받는 화물업 제외,없음,2026.1.1. 이전 폐업 업체 제외; 2025년 카드매출 없는 경우 제외; 사업자 미등록·국세청 세무 미신고 업체 제외; 본인명의 통장 필요; 판매대행 매출 제외; 변경공고 전 지원금 수령 업체 제외(중복 불가),변경공고(지원대상 매출 1억원 이하 → 3억원 이하로 확대); 사업개요가 세로 표 형태
PBLN_000000000125449.pdf,PBLN_000000000125449,경상북도,pdf,,소상공인,예산 소진시까지,[경북] 김천시 2026년 소상공인 카드수수료 지원사업 참여점포 모집 변경 공고,ok,Y,자주 묻는 질문(FAQ)_2026년 경상북도 소상공인 카드수수료 지원사업.pdf@(서식)「2026년 김천시 소상공인 카드수수료 지원사업」 신청 양식.hwp,Y,Y,사업자등록증 상 소재지가 김천시,Y,없음,2025년 연매출액 3억원 이하 소상공인,유흥업·도박 및 게임관련·투기 조장업 등 제외(붙임1 지원제외 업종); 택시 및 유가보조금 받는 화물업 제외,없음,2026.1.1. 이전 폐업 업체 제외; 2025년 카드매출 없는 경우 제외; 사업자 미등록·국세청 세무 미신고 업체 제외; 본인명의 통장 필요; 판매대행 매출 제외; 변경공고 전 지원금 수령 업체 제외(중복 불가),[스캔] 전 페이지 이미지(텍스트 없음); 내용은 칠곡군 공고와 동일 양식(김천시); 변경공고(매출 1억원 이하 → 3억원 이하); 사업개요가 세로 표 형태
PBLN_000000000125411.hwpx,PBLN_000000000125411,강원특별자치도,hwpx,,소상공인,예산 소진시까지,[강원] 양양군 2026년 2차 소상공인 특례보증수수료 지원사업 공고,ok,N,,,,,,,,,,,
PBLN_000000000125410.hwpx,PBLN_000000000125410,강원특별자치도,hwpx,,소상공인,예산 소진시까지,[강원] 양양군 2026년 2차 소상공인 특례보증 지원사업 공고,ok,N,,,,,,,,,,,
PBLN_000000000125205.hwp,PBLN_000000000125205,경기도,hwp,,소상공인,2026-08-06 ~ 2026-10-30,[경기] 성남시 찾아가는 스마트 경영 컨설팅 참가기업 모집 공고(성남 섬유제조 소공인특화지원센터),ok,Y,[붙임 2] 사업신청서(찾아가는 스마트 경영 컨설팅).hwp@[붙임 3] 개인정보동의서 및 주업종확인서.hwp,,,,,,,,,,
PBLN_000000000125166.pdf,PBLN_000000000125166,중소벤처기업부,pdf,,소상공인,2026-08-05 ~ 2026-10-30,2026년 디지털커머스 전문기관(소담스퀘어 in 경북) 모집 공고,ok,N,,Y,Y,없음(경상북도 소재 소상공인 우대),Y-전국,없음,소상공인(소상공인기본법 제2조),없음,없음,디지털커머스 역량강화를 필요로 하는 소상공인; 휴·폐업 및 부도 제외; 국세·지방세 체납 및 금융기관 채무불이행 제외; 프랜차이즈 가맹점(본사의 온라인 통합 마케팅 진행 건) 제외; 대기업 및 그 출자업체·프랜차이즈 직영점·유관기관(정부 및 공공기관) 제외; 판판대로 신청 및 사업신청서 제출 모두 완료 필요; 경상북도 소재 소상공인 우대,[스캔] 1페이지 웹페이지 캡처 이미지(텍스트 없음·글자 작음); 태그는 전국이며 공고는 지역 제한 없음(경북 소재 우대만 있음); 지원 제외 대상은 표 형태
PBLN_000000000125063.pdf,PBLN_000000000125063,경상북도,pdf,,소상공인,예산 소진시까지,[경북] 경산시 2026년 소상공인 카드수수료 지원사업 참여점포 모집 변경 공고,ok,Y,(서식)「2026년 경산시 소상공인 카드수수료 지원사업」 신청 양식.hwp@자주 묻는 질문(FAQ)_2026년 경상북도 소상공인 카드수수료 지원사업.pdf,Y,Y,사업자등록증 상 소재지가 경산시,Y,없음,2025년 연매출액 3억원 이하 소상공인,유흥업·도박 및 게임관련·투기 조장업 등 제외(붙임1 지원제외 업종); 택시 및 유가보조금 받는 화물업 제외,없음,2026.1.1. 이전 폐업 업체 제외; 2025년 카드매출 없는 경우 제외; 사업자 미등록·국세청 세무 미신고 업체 제외; 본인명의 통장 필요; 판매대행 매출 제외; 변경공고 전 지원금 수령 업체 제외(중복 불가),변경공고(매출 1억원 이하 → 3억원 이하); 사업개요가 세로 표 형태
PBLN_000000000125059.hwp,PBLN_000000000125059,경기도,hwp,,소상공인,2026-08-03 ~ 2026-09-30,[경기] 시흥시 2026년 소공인 공동판로개척사업 참여기업 모집 공고,ok,N,,,,,,,,,,,
PBLN_000000000125058.pdf,PBLN_000000000125058,경상북도,pdf,,소상공인,예산 소진시까지,[경북] 구미시 2026년 소상공인 카드수수료 지원사업 참여 점포 모집 변경 공고,ok,Y,(서식)「2026년 구미시 소상공인 카드수수료 지원사업」 신청 양식.hwp@자주 묻는 질문(FAQ)_2026년 경상북도 소상공인 카드수수료 지원사업.pdf,Y,Y,사업자등록증 상 소재지가 구미시,Y,없음,2025년 연매출액 3억원 이하 소상공인,유흥업·도박 및 게임관련·투기 조장업 등 제외(붙임1 지원제외 업종); 택시 및 유가보조금 받는 화물업 제외,없음,2026.1.1. 이전 폐업 업체 제외; 2025년 카드매출 없는 경우 제외; 사업자 미등록·국세청 세무 미신고 업체 제외; 본인명의 통장 필요; 판매대행 매출 제외; 변경공고 전 지원금 수령 업체 제외(중복 불가),변경공고(매출 1억원 이하 → 3억원 이하); 사업개요가 세로 표 형태
PBLN_000000000125057.pdf,PBLN_000000000125057,경상북도,pdf,,소상공인,예산 소진시까지,[경북] 성주군 2026년 소상공인 카드수수료 지원사업 참여점포 모집 변경 공고,ok,Y,(서식)「2026년 성주군 소상공인 카드수수료 지원사업」 신청 양식.hwp@자주 묻는 질문(FAQ)_2026년 경상북도 소상공인 카드수수료 지원사업.pdf,Y,Y,사업자등록증 상 소재지가 성주군,Y,없음,2025년 연매출액 3억원 이하 소상공인,유흥업·도박 및 게임관련·투기 조장업 등 제외(붙임1 지원제외 업종); 택시 및 유가보조금 받는 화물업 제외,없음,2026.1.1. 이전 폐업 업체 제외; 2025년 카드매출 없는 경우 제외; 사업자 미등록·국세청 세무 미신고 업체 제외; 본인명의 통장 필요; 판매대행 매출 제외; 변경공고 전 지원금 수령 업체 제외(중복 불가),변경공고(매출 1억원 이하 → 3억원 이하); 텍스트 추출 시 글자 순서가 뒤섞임(이미지로 확인); 사업개요가 세로 표 형태
PBLN_000000000125055.pdf,PBLN_000000000125055,경상북도,pdf,,소상공인,예산 소진시까지,[경북] 의성군 2026년 소상공인 카드수수료 지원사업 참여점포 모집 변경 공고,ok,Y,자주 묻는 질문(FAQ)_2026년 경상북도 소상공인 카드수수료 지원사업.pdf@(서식)「2026년 의성군 소상공인 카드수수료 지원사업」 신청 양식.hwp,Y,Y,사업자등록증 상 소재지가 의성군,Y,없음,2025년 연매출액 3억원 이하 소상공인,유흥업·도박 및 게임관련·투기 조장업 등 제외(붙임1 지원제외 업종); 택시 및 유가보조금 받는 화물업 제외,없음,2026.1.1. 이전 폐업 업체 제외; 2025년 카드매출 없는 경우 제외; 사업자 미등록·국세청 세무 미신고 업체 제외; 본인명의 통장 필요; 판매대행 매출 제외; 변경공고 전 지원금 수령 업체 제외(중복 불가),변경공고(매출 1억원 이하 → 3억원 이하); 텍스트 추출 시 글자 순서가 뒤섞임(이미지로 확인); 사업개요가 세로 표 형태
PBLN_000000000124909.pdf,PBLN_000000000124909,중소벤처기업부,pdf,,소상공인,예산 소진시까지,2026년 중소벤처기업부 소상공인 정책자금 융자사업 4차 변경 공고,ok,N,,Y,Y,없음,Y-전국,자금별 상이(일반경영안정자금 업력 무관; 청년고용연계자금 업력 3년 미만 청년 소상공인; 재도전특별자금 도약형 재창업 업력 2년 이상; 소공인특화자금 업력 무관),소상공인(소상공인기본법 제2조 및 시행령 제3조); 소공인특화자금은 소공인; 긴급경영안정자금 직접대출은 연매출 1억4백만원 미만,정책자금 융자제외 업종 제외(별표1: 유흥주점·도박·사행성·금융·보험·부동산업·법무·회계·세무·보건업·수의업·약국 등); 소공인특화자금은 제조업(C),청년(만39세 이하)-청년고용연계자금 필수(또는 청년 근로자 과반·1인 이상 고용); 장애인기업-장애인기업지원자금 필수; 여성기업·장애인기업-우대금리 0.1%p,세금 체납 제외(압류·매각 유예 시 직접대출 가능); 신용정보원 신용도판단정보·공공정보 등록자 제외; 휴·폐업 제외; 최근 5년 이내 정책자금 3회 이상 지원자 제외; 동일자금 부결·승인 후 6개월 미경과 제외(직접대출); 비수도권 소재 우대금리 0.2%p; 자금별 세부 요건(재해확인증·매출 15% 감소·NCB 839점 이하·NCB 919점 이하·재창업·TOPS 선정 등),4차 변경 공고; 여러 세부자금(15종)의 조건이 자금별로 다르며 한 줄 요약 불가 - 자금별 조건은 표(7쪽·17쪽) 및 개별 섹션에 있음; 융자제외 업종 표(별표1) 존재
PBLN_000000000124890.pdf,PBLN_000000000124890,대구광역시,pdf,,소상공인,상시 접수,[대구] 유성구 2026년 하반기 디지털 골목상점 참여업소 모집 공고,ok,N,,Y,Y,대전광역시 유성구에 영업신고한 사업자,N-태그오류,없음,상시근로자 5인 미만 사업자,불건전 업종 제외; 프랜차이즈(체인점) 형태 영업 업소 제외,없음,경영 방식에 대한 디지털 전환 지원 및 SNS 마케팅 지원이 필요한 경우; 2021~2025년 사업참여 업소 제외,태그 지역 토큰은 대구·대구광역시·유성구이나 공고는 대전광역시 유성구 공고(시도 불일치 - 대구가 아니라 대전); 지원내용만 표 형태이고 자격은 본문
PBLN_000000000124840.pdf,PBLN_000000000124840,대전광역시,pdf,,소상공인,예산 소진시까지,[대전] 2026년 소상공인 IP출원(상표출원) 지원 사업 소상공인 수혜자 모집 공고,ok,Y,붙임2. 2026년 소상공인IP창출지원 상표출원지원사업 신청서 및 개인정보동의수집 활용동의서(대전)_260227 (2).hwp@참고_2026중소기업육성기금 융자제외 대상 업종.pdf,Y,N,없음(소재지 관할 지역지식재산센터로 신청 - 대전지식재산센터 공고),N-태그오류,없음,소상공인(소상공인기본법 제2조; 사업자등록증 보유; 중소기업확인서 소상공인 표기),유흥향락·전문업종·금융·보험업·부동산업 등 지원제외 업종 제외,없음,사업자등록증 상 대표자 본인 신청; 휴·폐업 제외; 금융기관 불량거래자 제외; 프랜차이즈 가맹점 및 가맹점이 있는 가맹사업본부 제외; 전문컨설턴트 상담 후 심의위원회 결정; 분담금 20%(IP 교육 이수 시 면제),태그는 대전이며 공고 본문에 명시적 지역 조건 문구는 없고 소재지 관할 지역지식재산센터(대전지식재산센터)로 신청하라고만 되어 있어 사실상 대전 소재로 해석 가능 - 명시 조건 부재로 N-태그오류 처리(애매); 텍스트 추출 시 글자 순서 뒤섞임(이미지로 확인); 지원제외 업종 상세는 첨부·중기부 통합공고 참조
PBLN_000000000124697.hwpx,PBLN_000000000124697,전남광주통합특별시,hwpx,,소상공인,2026-07-20 ~ 2026-09-30,[전남광주] 2026년 소상공인 현장 맞춤형 컨설팅 참여업체 모집 공고,ok,Y,(참고1) 현장맞춤형 컨설팅 분야별 주요내용.hwpx@(참고2) 소상공인 기준 및 지원 제외 업종.hwpx,,,,,,,,,,
PBLN_000000000124693.hwpx,PBLN_000000000124693,전남광주통합특별시,hwpx,,소상공인,모집 완료시,[전남광주] 광양시 2026년 2차 식품안심업소(음식점 위생등급) 지정 컨설팅 참여업소 모집 공고,ok,N,,,,,,,,,,,
PBLN_000000000124676.pdf,PBLN_000000000124676,서울특별시,pdf,,소상공인,예산 소진시까지,[서울] 2026년 하반기 소상공인 안전검사 지원사업 공고(생활용품 및 어린이제품),ok,N,,Y,Y,서울시 소재 소상공인,Y,없음,소상공인; 어린이제품은 연매출 1억4백만원 미만(2025년 매출액 기준),도소매업·제조업 등 제조 및 유통 관련 업종; 지원품목은 안전기준준수 생활용품(가정용 섬유제품·가죽제품·접촉성 금속 장신구·합성수지제품·선글라스·안경테)·어린이제품(아동용 섬유제품·유아용 섬유제품·완구 등),없음,국세·지방세 완납 필수; 시험기관 중복 지원 불가; 상·하반기 모두 신청 시 합산 한도 적용; 업체당 최대 200만원,[스캔] 1페이지 포스터(이미지)만 있음; 지원품목이 제품 품목 기준(생활용품·어린이제품)으로 KSIC 매핑 불가; 어린이제품에만 매출 조건 적용
PBLN_000000000124560.hwpx,PBLN_000000000124560,대구광역시,hwpx,,소상공인,예산 소진시까지,[대구] 북구 2026년 하반기 소상공인 경영안정자금 지원사업 공고,ok,N,,,,,,,,,,,
PBLN_000000000124246.hwpx,PBLN_000000000124246,인천광역시,hwpx,,소상공인,예산 소진시까지,[인천] 2026년 하반기 소상공인시장진흥자금 융자 계획 공고,ok,N,,,,,,,,,,,
PBLN_000000000124179.pdf,PBLN_000000000124179,전남광주통합특별시,pdf,,소상공인,예산 소진시까지,[전남광주] 여수시 2026년 소상공인 융자금 이차보전 지원 계획 변경 공고,ok,Y,(공고문)2026년 여수시 소상공인 융자금 이차보전 지원 계획 변경 공고.hwpx,Y,Y,여수시에 사업장이 있는 소상공인(여수시 외 지역 이전 시 제외),Y,3개월 이상 영업 유지,소상공인(상시근로자 10인 미만 광업·제조·건설·운수업; 5인 미만 도소매·음식점·서비스·숙박 등; 연매출 15억원 미만 음식점·숙박·학원 등; 60억원 미만 도소매 등),여수시 조례 제4조 제외 업종 제외(별표: 유흥주점·도박·금융·보험·부동산업·법무·회계·세무·보건업·수의업·약국 등),없음,협약 금융기관에서 담보·신용대출 가능; 국가·지자체 이차보전 중복 수혜 제외; 기존 추천업체 상환종료일 기준 1년 미경과 제외; 휴·폐업 제외; 금융기관 불량거래 제외; 지방세 등 세금 체납 제외; 간이과세자 매출증빙 제외,변경공고(협약은행 9개→10개); 융자 이차보전 지원(융자추천 한도 5000만원·연 4% 2년); 제외업종 표는 별표에 있음
PBLN_000000000124107.docx,PBLN_000000000124107,서울특별시,docx,,소상공인,상시 접수,[서울] 2026년 소상공인 온라인 유통 MD 상담 참여 소상공인 모집 공고,ok,N,,,,,,,,,,,
PBLN_000000000123926.pdf,PBLN_000000000123926,중소벤처기업부,pdf,,소상공인,예산 소진시까지,2026 디지털커머스 전문기관(소담스퀘어 in 전남) 지원사업 공고,ok,Y,(판판대로)(전남)2026 지원사업 신청서(업체명).hwp,Y,N,없음(전남 지역 소상공인 우대),Y-전국,없음,소상공인(중소기업(소상공인)확인서 필수),없음,없음,국세·지방세 완납증명서 필수; 라이브커머스·온라인 기획전은 통신판매업신고증 필요(사업선정 후 발급 가능한 소상공인도 지원 가능); 판판대로 신청; 전남 지역 소상공인 우대,[스캔] 1페이지 포스터(이미지)만 있음; 태그는 전국이며 공고는 지역 제한 없음(전남 우대만 있음); 세부 내용은 소담스퀘어 전남 블로그·카카오채널 참조로 공고문에 조건이 간략함
PBLN_000000000123901.hwp,PBLN_000000000123901,충청북도,hwp,,소상공인,선착순 접수,[충북] 2026년 3분기 청년 소상공인 창업응원금 지원 참여자 모집 공고,ok,Y,2026 청년 소상공인 창업응원금 지원사업 신청 서식.hwp@2026 청년 소상공인 창업응원금 지원사업 신청 서식.pdf,,,,,,,,,,
PBLN_000000000123844.pdf,PBLN_000000000123844,서울특별시,pdf,,소상공인,예산 소진시까지,[서울] 2026년 하반기 중장년 소상공인 디지털 전환지원 사업 모집 공고,ok,Y,(붙임) 2026년 하반기 중장년 소상공인 디지털 전환지원 사업 모집공고.hwp,Y,Y,사업자등록증상 사업장 소재지가 서울시,Y,개업일이 2025년 7월 1일 이전(업력 약 1년 이상),소상공인(광업·제조업·건설업·운수업 상시근로자 10명 미만; 그 외 5명 미만; 평균매출액 소기업 규모 기준 이하),사치향락업종 및 도박·투기·사치 등 지원제한업종 제외(붙임1); 디지털 취약 업종(숙박·음식점업·제조업·수리·기타서비스업)-우대(가점),중장년(만40세 이상)-필수; 만50세 이상-우대(가점),휴·폐업 제외; 재단 보증 이용 상태가 구상채권·특수채권·관리종결 상태 제외; 2023~2025년 동 사업 지원자 제외; 2026년 서울시 소상공인 종합지원사업 지원·진행 중인 자 제외; 사업자등록증 상 대표자 본인 신청; 공동사업자 1인·복수 사업자 1건만 신청,업력 조건이 연수가 아닌 개업일 기준일(2025.7.1. 이전)로 제시됨; 우대사항은 가점 10점(취약연령·취약업종)
PBLN_000000000123842.pdf,PBLN_000000000123842,서울특별시,pdf,,소상공인,예산 소진시까지,[서울] 2026년 하반기 위기 소상공인 조기발굴 및 선제지원(Track2) 사업 모집 공고,ok,Y,2026년 하반기 위기 소상공인 조기발굴 및 선제지원(Track2) 모집공고.hwp,Y,Y,서울시 내에서 사업장을 운영중인 점포형 소상공인(법인은 본·지점 모두 서울),Y,업력 2년 이상(사업자등록증 상 개업일 2년 이상 경과; 매출감소 유형에 한함; 재해피해 유형은 업력 조건 없음),소상공인(소상공인 보호 및 지원에 관한 법률 제2조; 상시근로자·평균매출액 소기업 규모 기준),사치향락업종 및 도박·투기·사치 등 지원제한업종 제외(붙임2); 소호사무실·공유사무실·공유주방·보험설계사·방문판매업 등 특수고용직 제외,없음,유상 임대차계약을 체결한 별도 주소지의 고정 점포 필수(자가·무상임차 제외); 2024년 대비 2025년 매출 감소 또는 2025년 상반기 대비 하반기 매출 감소(간이과세자는 증가율 2.4% 이하) 또는 재해중소기업 확인증·피해사실확인서 보유; 휴·폐업 제외; 재단 보증 구상채권·특수채권·관리종결 제외; 2025~2026년 서울시 소상공인 종합지원사업 지원·진행자 제외; 공동사업자 1인·복수 사업자 1건만 신청,매출감소 유형과 재해피해 유형 중 택1 구조이며 업력 조건은 매출감소 유형에만 적용; 자격요건이 본문 각주(❶~❸) 박스에 세부 기재
PBLN_000000000123795.hwp,PBLN_000000000123795,중소벤처기업부,hwp,,소상공인,모집 마감시,2026년 찾아가는 1:1 교육사업 시행 공고,ok,N,,,,,,,,,,,
PBLN_000000000123746.hwp,PBLN_000000000123746,경상남도,hwp,,중소기업,예산 소진시까지,[경남] 2026년 소상공인 온라인입점 지원사업 참여 소상공인 모집 공고,ok,N,,,,,,,,,,,
PBLN_000000000123725.hwp,PBLN_000000000123725,경상북도,hwp,,소상공인,예산 소진시까지,[경북] 청송군 2026년 소상공인 카드수수료 지원사업 참여점포 모집 공고,ok,Y,(붙임2)「2026년 경상북도 소상공인 카드수수료 지원사업」 지원 제한 업종 목록.pdf@(붙임3)신청양식(청송군).hwp@(붙임4)행복카드 접수사이트 이용방법(2026).pdf,,,,,,,,,,
PBLN_000000000123711.hwpx,PBLN_000000000123711,전남광주통합특별시,hwpx,,소상공인,예산 소진시까지,[전남] 2026년 소상공인 육성자금 지원계획 변경 공고,ok,N,,,,,,,,,,,
PBLN_000000000123709.pdf,PBLN_000000000123709,강원특별자치도,pdf,,소상공인,예산 소진시까지,[강원] 2026년 2차 소상공인 경영안정자금 지원사업 공고,ok,N,,Y,Y,강원특별자치도 내 소재 사업장을 둔 소상공인(도 외 이전 시 융자결정 취소),Y,없음,소상공인(개인사업자; 광업·제조·건설·운수업 10인 미만; 그 외 5인 미만); 영세 소상공인 우대금리는 연매출 1억4백만원 미만,강원신용보증재단 보증 제한업종 제외(별표1: 유흥주점·부동산업·골프장·카지노·담배도매·금융·보험·추심업·다단계 등),다자녀(만19세 미만 자녀 2인 이상)-우대(이자 추가 지원 0.5~1%),개인사업자만 해당; 개인신용평점 NICE 710점 이상 또는 KCB 620점 이상; 신용관리정보 보유자·보증사고·대위변제 관련자 제외; 휴·폐업 제외; 연체 및 세금체납 등 보증제한 사유 제외; 보증한도 강원신보 보증금액 2억원 미만; 대출한도는 신용평점 및 업력에 따라 차등,2차 공고(하반기); 융자 이자·보증료 지원사업; 업력이 대출한도 차등 요소로만 언급되어 자격 조건은 아님; 영세 소상공인 우대금리는 농협·신한·카카오뱅크에서만 신청 가능
PBLN_000000000123513.pdf,PBLN_000000000123513,대구광역시,pdf,,소상공인,모집 완료시,[대구] 북구 먹거리골목 외식업소 디지털 주문시스템 설치 지원사업 참여업소 모집 재공고,ok,Y,[공고문] 먹거리골목 디지털 주문시스템 설치 지원사업 참여업소 모집 재공고.hwpx,Y,N,북구(대구) 관내,Y,없음,테이블 4개 이상 업소(테이블 3개 이하 제외),일반·휴게음식점·제과점; 호프 등 주점 형태 음식점·배달전문 음식점 제외,없음,공고일로부터 1년 이내 식품위생 관련 행정처분 업소 제외; 최근 2년간 국가·지자체 유사사업(QR메뉴판) 지원 업소 제외; 1년간 QR시스템 유지 확약,사업명은 먹거리골목이나 자격은 북구 관내 전체로 기재; 태그 대구·북구 일치
PBLN_000000000123384.pdf,PBLN_000000000123384,울산광역시,pdf,,소상공인,예산 소진시까지,[울산] 울주군 2026년 소상공인 직원 신규채용 인건비 지원사업 모집 정정 공고,ok,Y,2026년 울주군 소상공인 신규채용 인건비 지원사업 모집 정정공고.hwp,Y,Y,울주군 관내에서 영업 중인 소상공인,Y,없음,상시근로자 5인 미만(제조·건설·운수·광업 10인 미만) 소상공인,유흥업·사행성·퇴폐 업종·약국 등 지원제외업종(별첨1 소상공인 정책자금 융자제외 업종),없음,지정기간(2026.1.1~9.1) 내 18세 이상 울주군 거주 근로자 신규채용(4대보험·근로계약서); 월 60시간/100시간 이상 근로; 3개월/6개월 고용유지; 최저임금 이상 지급; 사업장당 최대 2인; 임금체불·4대보험료 체납 사업주 제외; 국가·지자체·공공기관 제외; 급여 현금지급 제외; 폐업·관외이전 제외; 유사 인건비 사업 중복 불가,근로자 조건(울주군 거주·18세 이상·4대보험·배우자·직계존비속 제외)이 사업주 조건과 함께 표로 제시
PBLN_000000000123334.pdf,PBLN_000000000123334,중소벤처기업부,pdf,,소상공인,2026-06-16 ~ 2026-11-30,2026년 소상공인 무료 법률ㆍ세무ㆍ노무 간편상담 지원사업 모집 공고,ok,N,,Y,N,없음,Y-전국,없음,소상공인,없음,없음,사업운영 관련 상담만 지원; 개인적 이혼·상속·채무 등 사적 문제 제외,[스캔] 포스터 1장만 있음(텍스트 없음); 대상은 소상공인이라면 누구나로 표기
PBLN_000000000123327.hwp,PBLN_000000000123327,제주특별자치도,hwp,,소상공인,2026-06-09 ~ 2026-10-30,[제주] 2026년 로컬기업 크라우드펀딩 (대출형) 참여기업 모집 공고,ok,Y,서식1.+참여신청서(법인사업자용).hwp@서식2.+개인정보제공동의서(법인사업자용).hwp@서식3.+청렴서약서(법인사업자용).hwp@서식4.+자가진단표(법인사업자용).hwp@01._크라우드_펀딩_포스터_V5_3.pdf,,,,,,,,,,
PBLN_000000000123307.hwpx,PBLN_000000000123307,경기도,hwpx,,소상공인,2026-06-01 ~ 2026-12-04,[경기] 화성시 2026년 하반기 여성 농업인 특수건강검진 지원사업 신청 공고,ok,Y,(사용자매뉴얼-대민포털)_여성농업인특수건강검진 온라인신청편.pdf@2026년 여성농업인 특수건강검진사업 시행지침(최종).hwpx@2026년 여성농업인 특수건강검진사업 신청서(서식).hwpx,,,,,,,,,,
PBLN_000000000123202.pdf,PBLN_000000000123202,울산광역시,pdf,,소상공인,예산 소진시까지,[울산] 남구 2026년 소상공인 온라인 플랫폼 지원사업 모집 공고,ok,N,,Y,N,남구(울산) 소재 소상공인 업체,Y,없음,소상공인,부동산 중개업 40개소 별도 배정,없음,선착순 200개소; 제출서류·지원제외 대상은 남구청 누리집 고시공고 참조,[스캔] 포스터 1장만 있음(텍스트 없음); 지원제외 대상 등 세부 조건은 남구청 별도 공고문에만 있음
PBLN_000000000123126.pdf,PBLN_000000000123126,경상북도,pdf,,소상공인,예산 소진시까지,[경북] 영덕군 2026년 소상공인 카드수수료 지원사업 참여 점포 모집 공고,ok,Y,(붙임1)「2026년 경상북도 소상공인 카드수수료 지원사업」 지원 제한 업종 목록.pdf@(붙임2)「2026년 경상북도 소상공인 카드수수료 지원사업」 사업 신청 양식.hwp,Y,Y,사업자등록증 상 소재지가 영덕군인 소상공인,Y,없음,2025년 매출액 1억원 이하 소상공인,유흥업·도박 및 게임 관련·투기 조장업 등 제외(붙임1 제외업종),없음,2026.1.1 이전 폐업 업체 제외; 본인 명의 통장 거래 불가 사업자 제외; 사업자 미등록·국세청 세무 미신고 업체 제외; 2025년 카드 매출 없는 경우 제외,사업개요가 표 형태; 제외업종 목록은 붙임1(PDF 미포함)
PBLN_000000000123056.pdf,PBLN_000000000123056,경기도,pdf,,소상공인,예산 소진시까지,[경기] 2026년 2차 음식점 미세먼지ㆍ악취 방지시설 설치 지원사업 공고,ok,Y,2026년도 소규모 사업장 방지시설 설치 지원 국고보조금 업무처리지침26.1월.pdf,Y,Y,사업대상 지역(의정부시·구리시)에 소재한 음식점,Y,없음,없음,미세먼지·악취 배출 음식점,없음,공공기관·공공시설 설치 시설 제외; 공고일로부터 5년 이내 정부(중앙·지방) 유사 방지시설 지원 이력 음식점 제외; 방지시설 3년 이상 운영 의무; 자부담 10%; 지방세·국세 납부확인증 제출,사업규모(지자체별 예산)·선정기준이 표; 지역은 의정부 1개소·구리시 1개소로 한정; 태그 의정부시·구리시 일치
PBLN_000000000122952.hwpx,PBLN_000000000122952,전남광주통합특별시,hwpx,,소상공인,2026-06-08 ~ 2026-11-30,2026년 영세 소상공인 중소금융권 금융비용 지원사업 재공고,ok,Y,2026년+영세소상공인+중소금융권+금융비용+지원사업+신청서식.hwpx,,,,,,,,,,
PBLN_000000000122948.pdf,PBLN_000000000122948,경기도,pdf,,소상공인,선착순 접수,[경기] 시흥시 2026년 소상공인 유통산업 경쟁력 강화 지원사업 동네슈퍼 공동세일전 참여점포 모집 공고,ok,Y,공고문_소상공인 유통산업 경쟁력 강화 지원사업(시흥시 동네슈퍼 공동세일전) 참여점포 모집.hwp,Y,N,시흥시 소재 동네슈퍼 및 소형 마트,Y,없음,없음,동네슈퍼·소형 마트; 유흥업소·프랜차이즈(SSM·기업형편의점)·대형 식자재 마트 제외,없음,회차별 30개사 선착순; 현수막 게시·성과측정 협조 확약; 제외대상 판단은 시흥시·진흥원 판단 우선,업종 조건이 동네슈퍼·소형 마트로 KSIC 매핑 애매; 신청서류만 표 형태
PBLN_000000000122875.hwp,PBLN_000000000122875,중소벤처기업부,hwp,,소상공인,2026-06-01 ~ 2026-09-30,2026년 2차 유통플랫폼 MD 상담회 소상공인 모집 공고,ok,Y,(별첨) 소상공인 정책자금 융자제외 대상 업종.hwp,,,,,,,,,,
PBLN_000000000122739.pdf,PBLN_000000000122739,대전광역시,pdf,,소상공인,예산 소진시까지,[대전] 소상공인ㆍ자영업자 재기지원 (폐업정리) 참여자 모집 공고,ok,Y,대전 소상공인·자영업자 재기지원(폐업정리) 신청서(붙임1~3).hwp@사업신청방법_재기지원(폐업정리).pdf@대전 소상공인·자영업자 재기지원(폐업정리) 공고(안).hwp,Y,Y,대전광역시에서 사업장을 운영 중인 폐업(예정) 소상공인,Y,없음,소상공인(업종별 평균매출액 15~140억원 이하·상시근로자 5인 미만(광업·제조·운수·건설 10인 미만)),영리·비영리 법인사업자·비영리 개인사업자·단체·조합 제외; 소상공인 정책자금 융자제외업종 제외,없음,새출발기금 매입형·중개형 채무조정 약정 체결한 성실 상환자(연체 미발생); 유상 임대차 계약 사업장(임대차계약서 제출 가능); 자가건물·무상임차·가족 간 임대차 제외; 주거용도 건축물 제외; 정부·지자체 점포철거 유사사업 수혜자 제외; 사업장 이전·동일 장소 재창업 제외; 2026.1.1 이후 폐업자 소급 가능,신청제한이 표 형태; 새출발기금 채무조정 약정자 한정이라는 특수 조건
PBLN_000000000122587.pdf,PBLN_000000000122587,대전광역시,pdf,,소상공인,2026-01-30 ~ 2026-10-30,[대전] 2026년 소상공인 육아휴직자 대체인력 인건비 지원사업 모집 변경 공고,ok,Y,신청서 양식(변경).hwpx,Y,Y,신청일 기준 3개월 전부터 주민등록상 대전시 거주자이며 대전시 소재 사업장을 3개월 이상 정상 운영 중인 소상공인,Y,사업장 3개월 이상 정상 운영(개업일 기준),상시근로자 5인 미만(제조·건설·운수·광업 10인 미만) 소상공인,제외업종(첨부1 정책자금 융자제외 대상 업종 준용) 제외,육아휴직 대상자(출산 예정 여성 및 만 8세 이하 또는 초2 이하 자녀 양육 부모)-필수,2026.1.1 이후 대체인력 근로계약 체결(1사업장 1인); 대표자 거주지 대전시 3개월 이상; 대체인력 만 18세 이상·월 60시간 이상·4대보험 가입; 국세·지방세 완납; 타 인건비 지원사업 중복 불가; KB국민은행 통장 필수; 소상공인 확인서 제출,지원조건이 사업주/근로자 표로 제시; 대표자 조건이 육아휴직 대상자로 청년·여성 등 표준 유형 외
PBLN_000000000122373.pdf,PBLN_000000000122373,경기도,pdf,,중소기업,예산 소진시까지,2026년 과천시 중소기업 및 소상공인 육성자금 이자차액보전 지원계획 변경 공고,ok,Y,2026년+과천시+중소기업+및+소상공인+육성자금+이자차액보전+지원계획+변경공고문_서식포함.hwpx,Y,Y,과천시에 사업장을 두고 운영 중인 업체(관내 이전 예정 업체 포함),N-태그오류,없음,중소기업(제조업 전업률 30% 이상 공장등록 제조기업·벤처기업·기술/경영혁신형·상시근로자 5인 이상 등) 또는 소상공인(상시근로자 5인 미만·광업·제조·건설·운수 10인 미만),융자지원 제한업종(별표1: 유흥주점업·금융·보험·부동산업·법무·회계·세무·보건업·일반교과학원 등) 제외,청년창업기업(만19~39세)-우대(이자 0.5% 가산); 여성기업-우대; 장애인기업-우대,융자실행일로부터 1년 미경과 기존 수혜기업 제외; 융자한도 초과 기업 제외; 휴·폐업 제외; 국세·지방세 체납 제외; 무점포·주거형 기업 제외; 불법건축물 영업 제외; 금융기관 여신거래 불가 기업 제외; (가)압류·가처분·경매 중 제외; 이차보전 중단 기업 5년 이내 신청 불가,태그에 17개 시도 전부(전국)+과천시·경기도 나열이나 공고는 과천시 관내 한정; 우대요건이 표(가족친화·벤처·착한가격업소 등 12종 중 택1)
PBLN_000000000122346.hwpx,PBLN_000000000122346,인천광역시,hwpx,,소상공인,예산 소진시까지,[인천] 2026년 원도심ㆍ지역상권 활성화를 위한 상권 활성화 특례보증 지원사업 공고,ok,N,,,,,,,,,,,
PBLN_000000000122305.pdf,PBLN_000000000122305,경기도,pdf,,소상공인,예산 소진시까지,[경기] 양주시 2026년 음식점 미세먼지ㆍ악취 방지시설 설치 지원사업 공고,ok,Y,2026년도 소규모 사업장 방지시설 설치 지원 국고보조금 업무처리지침26.1월.pdf,Y,Y,사업대상 지역(양주시)에 소재한 음식점,Y,없음,없음,미세먼지·악취 배출 음식점,없음,공공기관·공공시설 설치 시설 제외; 공고일로부터 5년 이내 정부(중앙·지방) 유사 방지시설 지원 이력 음식점 제외; 방지시설 3년 이상 운영 의무; 자부담 10%; 지방세·국세 납부확인증 제출,사업규모·선정기준이 표; 양주시 4개소 한정; 태그 양주시 일치
PBLN_000000000122273.pdf,PBLN_000000000122273,중소벤처기업부,pdf,,소상공인,2026-05-20 ~ 2026-11-30,2026년 찾아가는 1:1 디지털 교육 소상공인 모집 공고,ok,Y,26년+찾아가는+1대1+디지털+교육+소상공인+모집공고.hwp,Y,Y,없음,Y-전국,없음,소상공인(상시근로자 5인 미만·광업·제조·건설·운수 10인 미만 및 업종별 평균매출액 기준),소상공인정책자금 지원제외업종(참고6) 제외,중·장년층(만50세 이상 대표자)-우대(우선지원),디지털 취약계층 소상공인(온라인 진출 의사 있으나 집체교육 참여 곤란); 우선지원 요건: 만50세 이상 또는 인구감소지역 89개 시군구 소재 또는 1인 사업장(대표자 외 4대보험 가입자 없음) 중 1개 이상; 교육 희망 플랫폼 미입점 신규 진출자; 휴·폐업 제외; 국세·지방세 체납 제외; 비영리 제외; 24~25년 디지털전환지원센터 수혜자 제외; 대표자 기준 동일연도 1회,지원제외·선정평가가 표; 인구감소지역(참고2) 소재는 우선지원 요건이라 지역 필수조건은 아님
PBLN_000000000122254.pdf,PBLN_000000000122254,대전광역시,pdf,,소상공인,예산 소진시까지,[대전] 2026년 전통시장 등 공동배송시스템 지원사업 라이더 배달비 지원사업 공고,ok,Y,(시장_상점가명) 소속 점포 리스트(서식).xlsx@라이더배송비 지원사업(밴드용)_ver.1.png,Y,N,관내(대전) 전통시장·상점가·골목형상점가 소속 소상공인,N-좁음,없음,소상공인,없음,없음,상인회 가입 점포(상인회가 점포 명단 제출); 온라인 배달앱(배달의민족·쿠팡이츠·땡겨요 등) 접수 건만 지원; 점포당 월 최대 100건·연 250건; 허위 기재 시 환수 및 2년간 참여 제한,태그는 대전 시도 단위이나 공고는 전통시장·상점가·골목형상점가 소속으로 상권 한정; 공고문에 대전이 명시되지 않고 관내로만 표기(발행기관 대전일자리경제진흥원)
PBLN_000000000122191.hwp,PBLN_000000000122191,경상북도,hwp,,소상공인,예산 소진시까지,[경북] 2026년 소상공인 사회보험료 지원 사업 참여자 모집 공고,ok,N,,,,,,,,,,,
PBLN_000000000122173.pdf,PBLN_000000000122173,경상남도,pdf,,소상공인,모집 완료시,[경남] 2026년 소상공인 온라인 쇼핑몰 기획전 참여 소상공인 모집 공고,ok,Y,2026년_소상공인_온라인_쇼핑몰_기획전_참여_소상공인_모집_공고.hwp,Y,N,공고일 기준 도내(경상남도) 소재지 사업장을 운영 중,Y,없음,소상공인(소상공인기본법 제2조·소상공인확인서로 확인),소상공인정책자금 지원 제외 업종(참고1) 제외; 대기업 직영점·프랜차이즈형 가맹점 제외,없음,휴업·폐업 중 기업 제외; 해외수입제품 제외; 통신판매업신고증 필수; 온라인 판매 가능 상품 보유; 입점일로부터 14일 이내 상품 1개 이상 등록,제출서류·제외업종 목록만 표; 판매 상품(해외수입제품 제외)이 조건으로 KSIC 매핑 불가
PBLN_000000000122128.pdf,PBLN_000000000122128,경상북도,pdf,,소상공인,예산 소진시까지,[경북] 울진군 2026년 소상공인 카드수수료 지원사업 참여업체 모집 공고,ok,Y,「2026년 울진군 소상공인 카드수수료 지원사업」신청서식.hwp,Y,Y,울진군에 사업장을 둔 소상공인,Y,없음,2025년 매출액(공급가액 기준) 5억원 이하 소상공인(광업·제조·건설·운수 상시근로자 10명 미만·그 밖 5명 미만),택시 및 유가보조금을 받는 화물업 제외; 도박·유흥·게임 관련 등 제외 업종(붙임1),없음,2026.1.1 이전 폐업 업체 제외; 본인 명의 통장 거래 불가 사업자 제외; 국세청 세무 미신고 업체 제외; 전년도 카드매출 없는 경우 제외; 판매대행 매출 제외; 사업장별 신청 가능,사업개요·소상공인 기준·수수료 구간이 표; 간이과세자·면세사업자는 7월 1일 이후 확인 후 지급
PBLN_000000000122026.pdf,PBLN_000000000122026,경기도,pdf,,소상공인,예산 소진시까지,[경기] 하남시 2026년 소상공인 특례보증 지원 확대 계획 공고,ok,N,,Y,N,주 사업장이 하남시 관내에 소재,Y,사업경력 2개월 이상 경과,소상공인,보증제한 업종(별첨: 유흥주점업·부동산업·골프장·무도장·카지노·담배 도매·금융·보험업·신용조사·다단계 등) 제외,없음,금융여신 거래가능자 및 신용보증기관 심사기준 적합자; 휴·폐업 중 업체 제외; 지방세 등 체납 업체 제외; 자가사업장·자가주택 압류·가압류·가처분 업체 제외; 대표자 신용관리정보 거래처 분류(여신거래 불가) 제외,보증제한 업종만 표(별첨); 조건은 서술형
PBLN_000000000121976.hwp,PBLN_000000000121976,중소벤처기업부,hwp,,소상공인,세부사업별 상이,[경기] 포천시 2026년 지역소공인육성사업 소공인특화지원센터 지원사업 공고,ok,N,,,,,,,,,,,
PBLN_000000000121931.pdf,PBLN_000000000121931,부산광역시,pdf,,소상공인,예산 소진시까지,[부산] 2026년 소상공인 경영전략 컨설팅 소상공인 모집 공고,ok,Y,2026년 소상공인 경영전략 컨설팅 소상공인 지원신청서.hwp@경영전략 컨설팅_소상공인 모집 포스터.png@2026년 소상공인 경영전략 컨설팅 소상공인 지원신청서.pdf,Y,N,사업자등록증 상 사업장 소재지가 부산광역시인 사업자(예비창업자는 주민등록상 거주지 부산광역시),Y,없음,소상공인(중소기업확인서로 확인) 및 예비창업자,지원제외 업종(담배 중개·도매·유흥주점업·금융·보험·부동산업·골프장·무도장·사행시설·증기탕·안마시술소·다단계 등 부산시 소상공인 자금지원 제외 업종) 제외,만 19세 이상-필수,예비창업자도 신청 가능(주민등록상 부산 거주); 100개사 내외 예산 소진 시까지,컨설팅 분야·제출서류·제외업종이 표이나 자격 자체는 서술형; 대표자 연령 하한(만19세 이상)만 있음
PBLN_000000000121804.pdf,PBLN_000000000121804,전북특별자치도,pdf,,소상공인,예산 소진시까지,[전북] 2026년 자영업자 사회보험료 지원 모집 공고,ok,Y,「2026년+자영업자+사회보험료+지원」모집+공고.hwp,Y,N,도내(전북특별자치도) 자영업자,Y,없음,소상공인(자영업자),소상공인 정책자금 지원 제외업종(붙임) 제외,없음,자영업자 고용보험 또는 중소기업 사업주 산재보험에 가입한 자(근로복지공단 가입 필수); 비영리 개인사업자·비영리 법인사업자 제외; 사업자등록번호 기준 사회보험 가입 조회 가능 사업장; 선착순 약 500명,지원금액 등급표만 표; 자격은 서술형; 공고문에 도내로만 표기(발행기관 전북특별자치도경제통상진흥원)
PBLN_000000000121777.pdf,PBLN_000000000121777,울산광역시,pdf,,소상공인,2026-05-06 ~ 2026-12-10,[울산] 2026년 소상공인 산재보험료 지원사업 공고,ok,Y,2026년 소상공인 산재보험료 지원사업 공고문.hwp,Y,N,울산광역시 소재 소상공인 사업주,Y,없음,소상공인(소상공인기본법 제2조),없음,없음,중소기업 사업주 산재보험 가입 후 보험료 납입한 소상공인; 공동사업자는 대표 1인만 지원; 사업자 변경 또는 소상공인 자격 상실 시 지원 중단; 중소기업확인서(소상공인) 최근 3개월 이내 발급분 제출,지원 예시 등급표·제출서류만 표; 자격은 서술형
PBLN_000000000121681.hwp,PBLN_000000000121681,전남광주통합특별시,hwp,,소상공인,모집 완료시,[광주] 2026년 첫걸음입점 광주소상공인 지원사업 참여 소상공인 모집 공고,ok,N,,,,,,,,,,,
PBLN_000000000121671.pdf,PBLN_000000000121671,충청남도,pdf,,소상공인,예산 소진시까지,[충남] 2026년 소상공인 IP출원(상표) 지원 사업 모집 공고,ok,Y,붙임2. 신청서 및 개인정보동의서.hwp@참고_소상공인 정책자금 융자제외 대상 업종.pdf,Y,N,없음,Y,없음,소상공인(소상공인기본법 제2조·사업자등록증 보유),지원제외 업종(유흥향락·전문업종·금융·보험업·부동산업 등; 상세는 중소벤처기업부 통합공고 참고) 제외; 프랜차이즈 가맹점 및 가맹점 있는 가맹사업본부 제외,사업자등록증 상 대표자 본인-필수,휴·폐업 소상공인 제외; 금융기관 불량거래자 제외; 비영리 개인사업자·법인·조합 제외; 전통시장·상점가·소상공인단체 포함; RIPC 최초 신청기업 우선지원; 분담금 20%(IP 인식 제고 교육 이수 시 면제),공고문 본문에 지역 조건 명시 없음(충남지식재산센터·충남북부상공회의소 접수·수행으로 충남 관할 추정); 태그 충남 토큰은 수행기관 기준으로 일치 판단; 제외업종 상세는 첨부 미포함
PBLN_000000000121646.pdf,PBLN_000000000121646,경상북도,pdf,,소상공인,예산 소진시까지,[경북] 안동시 2026년 소상공인 카드수수료 지원사업 참여점포 모집 공고,ok,Y,(붙임2)「2026년 경상북도 소상공인 카드수수료 지원사업」 지원 제한 업종 목록.pdf,Y,Y,사업자등록증 상의 소재지가 안동시인 소상공인,Y,없음,전년도(25년) 연매출액 4억원 이하 소상공인,유흥업·도박 및 게임관련·투기 조장업 등 제외(붙임1 지원제외 업종 참조); 택시 및 유가보조금 받는 화물업 제외,없음,2026.1.1. 이전 폐업 업체 제외; 본인명의 통장 거래 불가 사업자 제외; 사업자 미등록·국세청 세무 미신고 업체 제외; 2025년 카드매출 없는 경우 제외,태그 경북+안동시 = 공고 안동시 일치
PBLN_000000000121567.hwp,PBLN_000000000121567,경상북도,hwp,,소상공인,예산 소진시까지,[경북] 영양군 2026년 소상공인 카드수수료 지원사업 참여점포 모집 공고,ok,Y,(붙임2)「2026년 경상북도 소상공인 카드수수료 지원사업」 지원 제한 업종 목록.pdf,,,,,,,,,,
PBLN_000000000121563.hwp,PBLN_000000000121563,경상북도,hwp,,소상공인,예산 소진시까지,[경북] 영주시 2026년 소상공인 카드수수료 지원사업 참여점포 모집 공고,ok,Y,(붙임2)「2026년 경상북도 소상공인 카드수수료 지원사업」 지원 제한 업종 목록.pdf,,,,,,,,,,
PBLN_000000000121498.jpg,PBLN_000000000121498,농림축산식품부,jpg,,소상공인,2026-04-20 ~ 2026-10-31,2026년 농업용 면세유 유가연동보조금 지원사업 공고,ok,N,,,,,,,,,,,
PBLN_000000000121480.pdf,PBLN_000000000121480,중소벤처기업부,pdf,,소상공인,상시 접수,2026년 TV홈쇼핑 및 데이터홈쇼핑 입점지원사업 소상공인 모집 공고,ok,Y,★ 2026년 TV홈쇼핑 및 데이터홈쇼핑 입점지원사업 소상공인 모집공고문.hwp,Y,Y,없음,Y-전국,없음,소상공인(소상공인기본법 제2조),소상공인 정책자금 융자제외 대상 업종 신청 불가(별첨),없음,접수 마감일 현재 부도·휴·폐업 중 제외; 국세·지방세 체납·채무불이행 제외; 보조금법 위반 등 정부지원사업 참여 제한 중 제외; 해외 수입제품·대기업 제품 제외(해외 OEM은 계약서 첨부 시 가능); 자부담 있음,우대: 백년소상공인·로컬크리에이터·협동조합 등 가점 +5점(대표자 조건 아님)
PBLN_000000000121478.png,PBLN_000000000121478,중소벤처기업부,png,,소상공인,2026-04-29 ~ 2026-12-31,2026 디지털커머스 전문기관(소담스퀘어 in 전주) 소상공인 지원 프로그램 지원대상 모집 공고,ok,Y,(기업명)2026년 소담스퀘어전주 지원사업 신청서.hwp,,,,,,,,,,
PBLN_000000000121467.pdf,PBLN_000000000121467,경상북도,pdf,,소상공인,예산 소진시까지,[경북] 포항시 2026년 소상공인 카드수수료 지원사업 참여업체 모집 공고,ok,Y,「2026년 포항시 소상공인 카드수수료 지원사업」신청서식.hwp,Y,Y,포항시에 사업장을 둔 소상공인,Y,없음,2025년 매출액(공급가액 기준) 3억원 이하 소상공인; 광업·제조업·건설업·운수업 상시근로자 10명 미만·그 밖 업종 5명 미만,택시 및 유가보조금 받는 화물업 제외; 도박·유흥·게임 관련 등 제외 업종(붙임1),없음,2026.1.1. 이전 폐업 업체 제외; 본인 명의 통장 거래 불가 사업자 제외; 국세청 세무 미신고 업체 제외; 전년도 카드매출 없는 경우 제외; 판매대행 통한 매출 제외,태그 경북+포항시 = 공고 포항시 일치
PBLN_000000000121421.pdf,PBLN_000000000121421,경상북도,pdf,,소상공인,예산 소진시까지,[경북] 영천시 2026년 소상공인 카드수수료 지원사업 참여 점포 모집 공고,ok,Y,(붙임)「2026년 경상북도 소상공인 카드수수료 지원사업」 사업 신청 양식.hwp@(붙임)「2026년 경상북도 소상공인 카드수수료 지원사업」 지원 제한 업종 목록.pdf,Y,Y,사업자등록증 상 소재지가 영천시인 소상공인,Y,없음,2025년 매출액 5억원 이하 소상공인,유흥업·도박 및 게임 관련·투기 조장업 등 제외(붙임1 참조),없음,2026.1.1. 이전 폐업 업체 제외; 본인 명의 통장 거래 불가 사업자 제외; 사업자 미등록·국세청 세무 미신고 업체 제외; 2025년 카드매출 없는 경우 제외,붙임1 제외업종 목록은 PDF에 미포함
PBLN_000000000121366.pdf,PBLN_000000000121366,제주특별자치도,pdf,,소상공인,선착순 접수,[제주] 소상공인ㆍ자영업자 재기지원사업 희망업체 모집 공고,ok,Y,제주+소상공인·자영업자+재기지원사업+붙임+서류.hwp@제주+소상공인·자영업자+재기지원사업+붙임+서류.pdf,Y,Y,사업자등록증상 사업장 소재지가 제주특별자치도인 소상공인(법인은 본점·지점 모두 제주),Y,없음,소상공인,지원제외 업종(유흥주점·부동산업·골프장·금융·보험·담배도매·도박·성인용품 등) 제외; 비영리사업자·비영리법인 제외,없음,새출발기금 채무조정 약정자 필수; Track1: 폐업 예정 또는 진행 중(기 폐업 1년 이내 철거 미완료); 자가건물·무상임차·주거용도 건축물 제외; 유사사업 중복수혜 제외; Track2: 현재 운영 중; 대기업 프랜차이즈 직영점 제외; 무점포 사업자 제외; 휴·폐업 중 제외,Track1(폐업 철거)과 Track2(지속운영 재기)로 조건이 나뉨; 새출발기금 채무조정 약정이 핵심 자격
PBLN_000000000121338.pdf,PBLN_000000000121338,경상북도,pdf,,소상공인,예산 소진시까지,[경북] 상주시 2026년 소상공인 카드수수료 지원사업 참여점포 모집 공고,ok,Y,(서식)「2026년 상주시 소상공인 카드수수료 지원사업」 신청 양식.hwp,Y,Y,사업자등록증 상의 소재지가 상주시인 소상공인,Y,없음,전년도(25년) 연매출액 2억원 이하 소상공인,유흥업·도박 및 게임관련·투기 조장업 등 제외(붙임1 지원제외 업종 참조); 택시 및 유가보조금 받는 화물업 제외,없음,2026.1.1. 이전 폐업 업체 제외; 본인명의 통장 거래 불가 사업자 제외; 사업자 미등록·국세청 세무 미신고 업체 제외; 2025년 카드매출 없는 경우 제외,태그 경북+상주시 = 공고 상주시 일치
PBLN_000000000121326.pdf,PBLN_000000000121326,경상북도,pdf,,소상공인,예산 소진시까지,[경북] 고령군 2026년 소상공인 카드수수료 지원사업 참여점포 모집 공고,ok,Y,(서식)「2026년 고령군 소상공인 카드수수료 지원사업」 신청 양식.hwp,Y,Y,사업자등록증 상의 소재지가 고령군인 소상공인,Y,없음,전년도(25년) 연매출액 1억원 이하 소상공인,유흥업·도박 및 게임관련·투기 조장업 등 제외(붙임1 지원제외 업종 참조); 택시 및 유가보조금 받는 화물업 제외,없음,2026.1.1. 이전 폐업 업체 제외; 본인명의 통장 거래 불가 사업자 제외; 사업자 미등록·국세청 세무 미신고 업체 제외; 2025년 카드매출 없는 경우 제외,태그 경북+고령군 = 공고 고령군 일치
PBLN_000000000121288.pdf,PBLN_000000000121288,중소벤처기업부,pdf,,소상공인,2026-04-22 ~ 2026-12-18,[부산] 2026년 디지털커머스 전문기관 구축ㆍ운영라이브커머스 운영 지원 모집 공고,ok,Y,2026년 라이브커머스 운영 지원 웹포스터.png@[공고문 및 신청서] 2026 디지털커머스 전문기관 라이브커머스 운영 지원.hwp,Y,Y,없음(국내 소상공인),N-태그오류,없음,소상공인(제조업·건설업·운송업·광업 10인 미만 / 이외 5인 미만),온라인 판매 가능한 소비재·완제품 제조·판매·유통업(식품·패션·뷰티·생활용품 등); 소상공인정책자금 지원제외 업종 제외,없음,대기업·중견기업 프랜차이즈 제외; 외산품·대기업 제품 유통·판매 업체 제외; 휴폐업·부도·불공정 행위자 제외; 금융기관 불량거래처·국세·지방세 체납 제외; 라이브커머스 운영 가능 등급 우선; 판매수수료 자부담; 소담스퀘어 in 부산 내 사업 중복 불가,태그는 부산인데 신청자격 원문은 '사업자등록을 한 국내 소상공인'으로 지역 제한 명시 없음(촬영장소만 부산·부산경제진흥원 주관); 품목 조건(소비재)은 KSIC 매핑 곤란
PBLN_000000000121231.pdf,PBLN_000000000121231,전남광주통합특별시,pdf,,소상공인,모집규모 충족시,[광주] 2026년 소상공인 SNSㆍ블로그 홍보지원 참여업체 모집 공고(디지털콘텐츠 홍보지원사업),ok,Y,「2026+디지털콘텐츠+홍보지원」+소상공인+SNS+블로그+마케팅+지원+참여소상공인+모집공고.hwp,Y,Y,사업자등록증 상 광주광역시 소재 사업장 보유 소상공인,N-태그오류,없음,소상공인(중소기업확인서 상),지원제외 업종(소상공인 정책자금 융자지원 제외 대상·별첨1) 제외,없음,국세·지방세 완납; 소상공인지식배움터 온라인 수료증 제출 필수; 콘텐츠 제작용 상품/서비스 제공 협조 필수; 단체 신청 시 단체 내 모든 업체 관내 소상공인,태그가 17개 시도 전부(전국)+광주광역시로 되어 있으나 공고는 광주광역시 관내 한정 → 태그오류
PBLN_000000000121193.pdf,PBLN_000000000121193,지식재산처,pdf,,소상공인,예산 소진시까지,[경남] 2026년 소상공인 IP출원(상표출원) 지원사업 소상공인 수혜자 모집 공고,ok,Y,1. 26년 소상공인 지원사업 공고문 및 양식.zip,Y,N,소재지(사업자등록증상 주소) 관할구역 지역지식재산센터로 신청(경남지식재산센터),Y,없음,소상공인(소상공인기본법 제2조·사업자등록증 보유),지원제외 업종(유흥향락·전문업종·금융보험업·부동산업 등) 제외,없음,사업자등록증 상 대표자 본인만 신청; 휴·폐업·금융기관 불량거래자 제외; 프랜차이즈 가맹점·가맹점 있는 가맹본부 제외; 분담금 20%(교육 이수 시 면제); 전통시장·상점가·소상공인단체 포함 가능,공고 본문에 '경남' 명시 없이 관할 지역지식재산센터(경남센터 연락처)로 신청하라는 구조; 제외업종 상세는 첨부(미포함)
PBLN_000000000121182.pdf,PBLN_000000000121182,중소벤처기업부,pdf,,소상공인,예산 소진시까지,2026년 희망리턴패키지 재기사업화(경영개선) 위기 소상공인 진단ㆍ멘토링 지원 모집 공고,ok,N,,Y,Y,없음(사업장 소재지 기준 권역별 주관기관 선택),Y-전국,없음,소상공인(소상공인기본법 제2조),소상공인 정책자금 융자제외 대상 업종 제외(참고2),없음,공단·지역신보·민간은행(17개사) 위기 알림톡 수신자 필수; 신청자=사업자등록증 대표자 일치; 휴·폐업 없이 정상 영업 중; 비영리 사업자·법인 제외; 정부지원사업 참여제한 제재 중 제외; 21~24년 경영개선·재창업 및 25~26년 재기사업화 지원 이력자 제외; 공단 위탁기관·희망리턴패키지 관련자 사업체 제외,위기 소상공인 선별(연체·신용등급 하락 등) 알림톡 수신이 핵심 자격; 전국 8개 권역 주관기관별 배정
PBLN_000000000121148.pdf,PBLN_000000000121148,울산광역시,pdf,,소상공인,예산 소진시까지,[울산] 창업의 꿈 울산이 이루어 드림 모집 공고,ok,Y,창업의 꿈 울산이 이루어드림 모집 공고(안).hwp,Y,Y,임대차 계약을 체결한 사업장 소재지가 울산인 업체(사업자등록증명원상),Y,1년 이상 사업 운영 중(2024.7.1. 이전 개업),소상공인(소상공인기본법 제2조); 2025년 연매출액 0원 초과 5천만원 이하,지원제외 대상업종(소상공인 정책자금 지원제외 업종 준용·붙임1) 제외,없음,임차 점포(가족·배우자 간 임대차 제외); 2025년 매출이 2024년 대비 5% 이상 감소; 대기업·대기업 프랜차이즈 직영점 제외; 휴·폐업 중 제외; 국세·지방세 체납 제외; 비영리 제외; 본인 명의 통장 거래 불가 제외; 1인 1사업장만,매출 감소율(전년 대비 5% 이상 감소) 조건은 규모·업력 어디에도 정확히 맞지 않아 other로 분류
PBLN_000000000121134.hwp,PBLN_000000000121134,전남광주통합특별시,hwp,,소상공인,예산 소진시까지,[광주] 2026년 소상공인주치의센터 컨설팅 참여업체 모집 공고,ok,N,,,,,,,,,,,
PBLN_000000000121063.hwp,PBLN_000000000121063,경기도,hwp,,소상공인,예산 소진시까지,[경기] 2026년 소상공인 사업정리 지원사업 모집 공고,ok,N,,,,,,,,,,,
PBLN_000000000121001.pdf,PBLN_000000000121001,울산광역시,pdf,,소상공인,선착순 접수,[울산] 소상공인 포장재 구입비 긴급 지원 사업 공고(온라인 판로ㆍ마케팅 지원),ok,N,,Y,N,울산광역시 내 사업장을 둔 소상공인,Y,개업일이 2025년 12월 31일 이전,소상공인(소상공인기본법 제2조·시행령 제3조); 2025년 연매출액 0원 초과 1억 4백만원 미만,음식점업(요식업·외식업·커피전문점 등),없음,온라인 배달 플랫폼(울산페달·배달의민족 등) 입점 필수; 휴·폐업 중 제외(사실상 휴·폐업 포함); 본인 명의 통장 거래 불가 제외; 국세·지방세 체납 제외; 1인 1회·1사업장; 대표 본인만 신청; 2026.4.1. 이후 본인 명의 결제 구입분만,업력은 '개업일 2025.12.31. 이전'으로 연수 대신 기준일로 제시됨
PBLN_000000000120944.pdf,PBLN_000000000120944,전남광주통합특별시,pdf,,소상공인,예산 소진시까지,[광주] 2026년 소상공인 신규채용 인건비 지원사업 모집 공고 ,ok,Y,2026년 소상공인 신규채용 인건비 지원사업 공고문.hwpx@2026년 소상공인 신규채용 인건비 지원사업 제출서식.hwpx,Y,Y,광주 소재 소상공인,Y,2026.1.1. 기준 6개월 이상 정상운영 중(2025.7.1. 이전 개업),상시근로자 5인 미만(제조·건설·운수·광업 10인 미만) 소상공인,지원제외 업종(유흥업·사행성·퇴폐 업종·약국 등·별첨1) 제외,없음,2026.1.1. 이후 신규채용 근로자(광주 거주·만19~64세·미취업자) 대상; 근로자 월 60시간 이상·최저시급 이상·4대보험 가입; 사업주 배우자·직계존비속 채용 제외; 타 인건비 지원 중복 제외; 외국인 제외; 임금체불·4대보험료 체납 제외; 인위적 감원 후 재채용 제외; 1인 다수 사업장은 1개만,태그에 '광주'와 '전남광주·전남광주통합특별시'가 혼재; 공고는 광주광역시(광주 소재) 한정 → 시도 단위는 일치하나 태그 토큰이 불일치·중복이라 애매(가장 가까운 값은 Y)
PBLN_000000000120933.pdf,PBLN_000000000120933,경기도,pdf,,소상공인,예산 소진시까지,[경기] 시흥시 2026년 대야기계장비 소공인특화지원센터 자율사업 통합 모집 공고,ok,Y,대야기계장비 소공인특화지원센터 자율사업 통합모집공고_세부사업서식.Zip@26년 대야기계장비 소공인특화지원센터 자율사업 통합 모집공고.hwp,Y,Y,업체 소재지가 집적지 내 위치(시흥시 대야동·신천동·은행동·신현동·매화동·과림동),Y,없음,소공인(상시근로자 수 10인 미만 제조업),C25 금속 가공제품 제조업·C29 기타 기계 및 장비 제조업,청년소공인-필수(청년소공인 가업승계 지원사업에 한함·연령기준 미기재),정부·지자체·공공기관 참여 제한 중 제외; 유관기관 지원사업 기수혜·수혜중 제외; 4대보험·국세·지방세 체납·행정처분 제외; 부도·휴·폐업 제외; 부가세·한도초과 자부담; 창업 1년 미만은 주업종 영업사실 확인서 제출,지역 조건이 읍면동(집적지) 단위이며 태그에도 6개 동명이 모두 포함되어 있어 Y로 판정; 6개 세부사업 통합 공고
PBLN_000000000120889.hwp,PBLN_000000000120889,전남광주통합특별시,hwp,,소상공인,예산 소진시까지,[전남] 목포시 2026년 소상공인 융자금 이차보전 지원 정정 공고,ok,N,,,,,,,,,,,
PBLN_000000000120887.pdf,PBLN_000000000120887,경기도,pdf,,소상공인,2026-04-09 ~ 2026-09-30,[경기] 시흥시 2026년 소공인 공동판로개척사업 참여기업 모집 공고(정왕전기장비센터),ok,Y,26년 소공인 공동판로개척사업 공고문.hwp,Y,Y,시흥시 집적지구(정왕동(정왕본동~정왕4동)·거북섬동·배곧동(배곧1동~배곧2동)),N-좁음,없음,소공인(제조업 주된 사업·상시근로자 수 10인 미만),C26 전자부품·컴퓨터·영상·음향 및 통신장비 제조업; C28 전기장비 제조업,없음,타기관(경기도·중앙정부 등) 동일과제 중복지원 불가; 국세·지방세·세외수입 체납 및 4대보험 미가입 제외; 휴·폐업 중 제외; 임금체불 사업장 제외; 창업 1년 미만은 주업종 영업사실 확인서 제출,지역 조건이 읍면동(집적지구: 정왕동·거북섬동·배곧동) 단위인데 태그는 경기+시흥시(+집적지구)까지만 → N-좁음
PBLN_000000000120877.pdf,PBLN_000000000120877,경기도,pdf,,소상공인,예산 소진시까지,[경기] 시흥시 2026년 소공인 컨설팅지원사업 참여기업 모집 공고,ok,Y,26년 소공인 컨설팅 지원사업 공고문.hwp,Y,Y,시흥시 집적지구(정왕동(정왕본동~정왕4동)·거북섬동·배곧동(배곧1동~배곧2동)),N-좁음,없음,소공인(제조업 주된 사업·상시근로자 수 10인 미만),C26 전자부품·컴퓨터·영상·음향 및 통신장비 제조업; C28 전기장비 제조업,없음,타기관(경기도·중앙정부 등) 동일과제 중복지원 불가; 국세·지방세·세외수입 체납 및 4대보험 미가입 제외; 휴·폐업 중 제외; 임금체불 사업장 제외; 창업 1년 미만은 주업종 영업사실 확인서 제출,지역 조건이 읍면동(집적지구: 정왕동·거북섬동·배곧동) 단위인데 태그는 경기+시흥시까지만 → N-좁음
PBLN_000000000120839.hwp,PBLN_000000000120839,강원특별자치도,hwp,,소상공인,2026-04-07 ~ 2027-01-30,[강원] 춘천시 2026년 생계형 1인 자영업자 사회보험료 지원 공고,ok,N,,,,,,,,,,,
PBLN_000000000120829.hwp,PBLN_000000000120829,울산광역시,hwp,,소상공인,선착순 접수,[울산] 2026년 소상공인 재기지원자금 긴급 융자 지원계획 공고,ok,N,,,,,,,,,,,
PBLN_000000000120827.pdf,PBLN_000000000120827,전북특별자치도,pdf,,소상공인,2026-04-10 ~ 2026-10-31,[전북] 2026년 전북특별자치도소상공인희망센터 컨설팅 지원 참여업체 모집 공고,ok,Y,2026 전북특별자치도소상공인희망센터 컨설팅 지원 양식.hwp,Y,N,전북특별자치도소상공인희망센터 입주업체,N-좁음,없음,없음,없음,없음,전북특별자치도소상공인희망센터 입주업체만 신청 가능; 자부담 없음; 업체당 5건 이내,지역 조건이 아니라 특정 센터 입주업체 한정(시설 단위)이라 태그 전북(시도)보다 훨씬 좁음; 소상공인 규모 조건 명시 없음
PBLN_000000000120821.hwp,PBLN_000000000120821,중소벤처기업부,hwp,,소상공인,2026-04-13 ~ 2026-11-30,2026년 디지털커머스 전문기관(소담스퀘어강원) 소상공인 모집 공고,ok,Y,2026년 디지털커머스 전문기관(소담스퀘어강원) 소상공인 모집 공고.jpg,,,,,,,,,,
PBLN_000000000120786.pdf,PBLN_000000000120786,중소벤처기업부,pdf,,소상공인,예산 소진시까지,[대전] 2026년 컨설팅 지원사업 참여기업 모집 공고(대전인쇄소공인특화지원센터),ok,Y,2026년+『컨설팅+지원사업』+모집공고문+및+사업신청서.hwp,Y,Y,대전 인쇄집적지(동구 정동·중동·삼성동) 및 인근(집적지와 경계를 같이 하는 동) 내,N-좁음,없음,소공인(상시근로자 10명 미만); 소기업(매출액 80억 이하·상시근로자 10인 이하),인쇄 및 기록매체 복제업(C18) 주된 사업,없음,국세·지방세 체납·금융기관 채무 불이행 제외; 부도·파산·회사정리·경매 개시 제외; 정부 유사사업 동일 내용 중복지원 제외; 자부담 없음,지역 조건이 읍면동(동구 정동·중동·삼성동+인접 동) 단위인데 태그는 대전(시도)+인쇄집적지만 → N-좁음; 규모 표기가 '10명 미만'과 '10인 이하'로 혼재
PBLN_000000000120715.jpg,PBLN_000000000120715,전남광주통합특별시,jpg,,소상공인,예산 소진시까지,[광주] 2026년 중동사태 대응을 위한 소상공인 특례보증 지원사업 공고,ok,N,,,,,,,,,,,
PBLN_000000000120684.pdf,PBLN_000000000120684,세종특별자치시,pdf,,소상공인,예산 소진시까지,[세종] 2026년 식품진흥기금 융자사업 시행 공고,ok,Y,식품진흥기금 융자사업 신청서식.hwp,Y,Y,세종특별자치시에서 1년 이상 식품위생 영업을 하고 있는 업소,Y,1년 이상 식품위생 영업,없음,식품위생 영업자(식품제조가공업·식품접객업·집단급식소·건강기능식품판매업·어린이 기호식품판매업); 단란주점·유흥주점 제외(화장실시설개선 자금은 예외),없음,기존 융자금 상환잔액 있는 업소 제외; 휴업·폐업 중 제외; 식품위생법·건강기능식품법 위반 영업정지 이상 행정처분 종료 1년 미경과·진행 중 제외; 어린이 기호식품 우수판매업소 지정 업소는 개·보수 시 대상; 융자(연 1.5%·2년 거치 3년 상환),융자사업(대출)이며 소상공인 규모 조건 없음; 업종은 식품위생법상 영업 종류로 KSIC 직접 매핑 곤란; 태그에 지역 세종 있음 → Y
PBLN_000000000120639.pdf,PBLN_000000000120639,중소벤처기업부,pdf,,소상공인,예산 소진시까지,2026년 소상공인 불공정거래 피해구제 지원 시행 공고,ok,N,,Y,N,없음,Y-전국,없음,소상공인(상시근로자 광업·제조업·건설업·운수업 10명 미만·그 밖 5명 미만; 업종별 소기업 평균매출액 기준 이하),소상공인 정책자금 융자제외 대상 업종 제외,사업자등록증 상 대표자 본인-필수,불공정거래 피해 소상공인; 비영리 개인사업자·법인·단체·조합 제외; 공단 지정 법무법인 외 대리인 선임 희망자 제외; 대표자 기준 최대 1회 신청·지원,없음
PBLN_000000000120506.pdf,PBLN_000000000120506,대전광역시,pdf,,소상공인,예산 소진시까지,[대전] 소상공인ㆍ자영업자 재기지원사업(컨설팅ㆍ경영개선) 참여자 모집 공고(새출발기금 협업),ok,Y,(양식) 대전 소상공인·자영업자 재기지원(컨설팅+경영개선) 신청서(붙임1~4).hwp@사업신청방법_재기지원(경영개선).pdf@대전 소상공인·자영업자 재기지원 (컨설팅+경영개선) 공고.hwp,Y,Y,대전광역시에서 사업장을 운영 중인 소상공인,Y,6개월 이상 영업 중(2025.9.30 이전 개업),소상공인(업종별 평균매출액 15~140억원 이하; 상시근로자 5인 미만·광업·제조업·운수업·건설업 10명 미만),소상공인 정책자금 융자제외 업종(사행성·유흥·금융·전문직종 등) 제외,사업자등록증 상 대표자 본인-필수,새출발기금 매입형·중개형 채무조정 약정 체결 성실상환자(연체 미발생); 자영업닥터제·경영환경개선사업 등 유사사업 수혜 제외; 비영리·단체·조합 제외; 영업정지 이상 행정처분 제외; 휴·폐업 제외; 본인 명의 통장·카드결제 불가자 제외; 1인 다수사업장 1곳만; 선정 후 타 시도 이전 시 취소,없음
PBLN_000000000120387.pdf,PBLN_000000000120387,울산광역시,pdf,,소상공인,2026-03-26 ~ 2026-12-10,[울산] 2026년 소상공인 고용보험료 지원사업 공고,ok,Y,2026년 소상공인 고용보험료 지원사업 공고문.hwp,Y,N,울산 소재 소상공인,Y,없음,소상공인(소상공인기본법 제2조),없음,없음,자영업자 고용보험 가입 후 보험료 납입; 공동사업자는 대표 1인만; 사업자 변경 또는 소상공인 비해당 시 지원 중단,없음
PBLN_000000000120268.hwp,PBLN_000000000120268,강원특별자치도,hwp,,소상공인,예산 소진시까지,[강원] 원주시 2026년 소상공인 경영안정자금 지원 사업 변경 공고,ok,N,,,,,,,,,,,
PBLN_000000000120241.pdf,PBLN_000000000120241,인천광역시,pdf,,소상공인,예산 소진시까지,[인천] 2026년 2단계 희망 소상공인 경영안정자금 지원 사업 공고,ok,Y,공고문(2단계).hwp,Y,N,인천 소재 소상공인,Y,없음,소상공인(소상공인기본법 제2조),사치·향락 등 보증제한업종 제외(유흥주점·부동산업·골프장·카지노·금융·보험·담배도매·다단계 등),없음,최근 3개월 내 재단 보증지원 기업 제외; 2026년 희망인천 경영안정자금 기수혜 제외; 재단·신보·기보 보증합계 2억원 이상 제외; 최근 3개월 내 부동산 권리침해·30일 이상 연체·10일 이상 연체 4회 이상 제외; 재단 내규상 보증금지·제한기업 제외; 동일인 다수사업자 중복지원 불가,자동심사 요건(신용평점 NICE 880·KCB 875 이상; 사업자등록 1년 이상; 연매출 1억원 이상)은 심사방식 조건이라 biz_age에 넣지 않음
PBLN_000000000120174.pdf,PBLN_000000000120174,중소벤처기업부,pdf,,소상공인,예산 소진시까지,2026년 우리동네 크라우드펀딩 지원사업 크라우드펀딩 참여 소상공인 모집 공고,ok,N,,Y,Y,없음(상권형만 중기부 지정 로컬브랜드 상권·전통시장·상점가 내 사업 영위),Y-전국,증권형만 업력 7년 이내(사회적기업·벤처·이노비즈·메인비즈 인증 시 무관),소상공인(소상공인기본법 제2조; 소상공인확인서 발급 가능),소상공인 정책자금 지원제외 업종 제외,사업자등록증 상 대표자 본인 신청-필수; 기업가형 소상공인(LIPS·강한소상공인·로컬크리에이터·신사업창업사관학교) 수혜기업-우대,신청일 기준 정상 영업 중; 휴·폐업 제외; 국세·지방세 체납 제외; 증권형은 법인(주식회사)만·주권상장법인 제외; 대출형은 신용도판단정보·공공정보 등록·연체·권리침해 제외; 리워드형은 펀딩 성공 후 제품 발송 가능; 동일 유형 복수 플랫폼 중복신청 불가,유형(대출형·증권형·리워드형·상권형)별로 조건이 다름; 상권형은 지정상권(읍면동 단위 상권) 한정이며 지원 3개 상권은 추후 지정
PBLN_000000000120166.hwp,PBLN_000000000120166,제주특별자치도,hwp,,소상공인,예산 소진시까지,[제주] 2026년 소상공인 건강검진 지원사업 신청자 모집 공고,ok,N,,,,,,,,,,,
PBLN_000000000120158.hwp,PBLN_000000000120158,경기도,hwp,,중소기업,예산 소진시까지,[경기] 양주시 2026년 중소기업 및 소상공인 운전자금 이차보전 지원 공고,ok,N,,,,,,,,,,,
PBLN_000000000120117.hwp,PBLN_000000000120117,중소벤처기업부,hwp,,소상공인,예산 소진시까지,2026년 소상공인 투자연계 지원사업 립스(LIPS) 프로그램 소상공인 모집 공고,ok,Y,[서식]+LIPS+프로그램+운영사+투자제안서+및+사업계획서.hwp@[별첨]+2026년+립스(LIPS)+운영사+현황.hwp,,,,,,,,,,
PBLN_000000000120023.hwp,PBLN_000000000120023,경상남도,hwp,,소상공인,예산 소진시까지,[경남] 2026년 소상공인 정책자금 운용계획 변경 공고,ok,N,,,,,,,,,,,
PBLN_000000000120010.hwp,PBLN_000000000120010,식품의약품안전처,hwp,,소상공인,2026-03-18 ~ 2026-09-30,2026년 식품안심업소 기술지원 사업 참여 업소 모집 공고,ok,Y,식품안심업소(음식점)+평가+신청+가이드.pdf@식품안심업소(음식점)+기술지원+신청+가이드.pdf,,,,,,,,,,
PBLN_000000000119981.hwp,PBLN_000000000119981,전북특별자치도,hwp,,소상공인,예산 소진시까지,[전북] 2026년 새출발 재기지원 (휴ㆍ폐업 사업주형) 재기 지원(사업정리비 및 교육비) 모집 공고,ok,N,,,,,,,,,,,
PBLN_000000000119825.hwp,PBLN_000000000119825,전남광주통합특별시,hwp,,소상공인,예산 소진시까지,[광주] 북구 2026년 온라인쇼핑몰(북소e몰) 입점 소상공인 모집 공고,ok,Y,북소e몰+입점+신청서(양식).hwp,,,,,,,,,,
PBLN_000000000119802.pdf,PBLN_000000000119802,중소벤처기업부,pdf,,소상공인,예산 소진시까지,2026년 소상공인(법인사업자) 비즈플러스카드 지원사업 시행 공고,ok,Y,260320_소상공인(법인사업자)_비즈플러스카드_지원사업_시행_공고★.hwpx,Y,N,없음,Y-전국,업력 6개월 이상(법인 등기부등본상 설립일 기준),소상공인; 최근 2개월 매출 200만원 이상 또는 최근 재무제표 매출 1200만원 이상,보증 제한업종 제외(유흥주점·사행성·담배도매·금융·보험·부동산업·기획부동산·흥신소·카지노·안마시술소 등),대표자 NCB 신용점수 595점~964점-필수(2025.1 이후 특별재해 피해 소상공인은 595점 이상),법인사업자만; 휴·폐업 제외; 연체 등 신용도 판단정보 보유자 제외; 국세·지방세 체납 제외; 1인 다수 사업체 대표는 1곳만·공동대표는 주대표 1인만; 기업당 보증한도 900만원(재단·신보·기보 포함 8억원 이내),신용점수 조건을 owner에 기재함; 지역신보별로 신청하나 지역 제한은 없음
PBLN_000000000119801.pdf,PBLN_000000000119801,중소벤처기업부,pdf,,소상공인,예산 소진시까지,2026년 소상공인(개인사업자) 비즈플러스카드 지원사업 시행 공고,ok,Y,260320_소상공인(개인사업자)_비즈플러스카드_지원사업_시행_공고★.hwpx,Y,N,없음,Y-전국,업력 6개월 이상(사업자등록증 개업연월일 기준),소상공인; 최근 2개월 매출 200만원 이상 또는 당기 부가세 신고 매출 1200만원 이상,보증 제한업종 제외(유흥주점·사행성·담배도매·금융·보험·부동산업·기획부동산·흥신소·카지노·안마시술소 등),NCB 신용점수 595점~964점-필수(2025.1 이후 특별재해 피해 소상공인은 595점 이상),개인사업자만; 휴·폐업 제외; 연체 등 신용도 판단정보 보유자 제외; 국세·지방세 체납 제외; 1인 다수 사업체 대표는 1곳만·공동대표는 주대표 1인만; 기업당 보증한도 900만원(재단·신보·기보 포함 8억원 이내),신용점수 조건을 owner에 기재함; 서울·경기·세종은 신청 앱·절차가 다름(지역 제한은 아님)
PBLN_000000000119739.hwp,PBLN_000000000119739,중소벤처기업부,hwp,,소상공인,세부사업별 상이,2026년 소상공인 온라인판로 지원사업 참여기업 모집공고,ok,Y,(참고) 소상공인 온라인판로 지원사업 세부관리지침.hwp,,,,,,,,,,
PBLN_000000000119719.pdf,PBLN_000000000119719,충청북도,pdf,,소상공인,예산 소진시까지,[충북] 2026년 소상공인 출산 지원사업 참여자 모집 공고,ok,N,,Y,Y,거주지 및 사업장 주소지가 모두 충북,Y,개업일로부터 6개월 이상 영업 중,소상공인(소상공인기본법); 직전 연도 매출액 1천2백만원 이상 6억원 이하,지원제외 대상업종(소상공인 정책자금 지원제외 업종 준용) 제외,사업신청일 기준 만 2세 미만 자녀 보유-필수; 기초생활수급자·차상위·한부모·장애인 사업자-우대(가점+10); 다자녀(2명 +7·3명 이상 +10)-우대,배우자·직계가족을 대체인력으로 등록 불가; 본인·배우자가 출산육아 관련 타 인건비 지원 수혜 중 제외; 배우자 유급 육아휴직 동일기간 중복 불가; 부부 각각 사업장 중복 불가; 최근 1년 내 임금체불·중대재해·고용지원금 부정수급 사업장 제외; 국세·지방세 체납 제외; 대체인력 4대보험 가입·최저임금 준수,시군별 지원인원 배정(청주 30·충주 14 등 11개 시군)이나 거주지 기준 신청이며 지역 조건 자체는 충북 전체; 직전연도 매출 낮을수록 가점 높음(선정 우선순위)
PBLN_000000000119668.hwp,PBLN_000000000119668,전남광주통합특별시,hwp,,소상공인,상시 접수,[전남] 목포시 2026년 골목형상점가 모집 공고,ok,Y,상인회 등록 및 골목형상점가 지정 제출서류 양식.hwp,,,,,,,,,,
PBLN_000000000119375.pdf,PBLN_000000000119375,전남광주통합특별시,pdf,,소상공인,예산 소진시까지,[전남] 2026년 소상공인 IP출원(상표출원) 지원사업 소상공인 수혜자 모집 공고,ok,Y,붙임2-2. (작성용 양식)2026년 소상공인 상표출원지원사업 신청서 및 개인정보동의수집 활용동의서.hwp@붙임2-1. (예시 양식)2026년 소상공인 상표출원지원사업 신청서 및 개인정보동의수집 활용동의서.hwp,Y,N,전남 소재 소상공인(사업자등록증상 주소 관할 전남지식재산센터),Y,없음,소상공인(소상공인기본법 제2조; 사업자등록증 보유),지원제외 업종(유흥향락·전문업종·금융·보험업·부동산업 등) 제외,사업자등록증 상 대표자 본인-필수,휴·폐업 제외; 금융기관 불량거래자 제외; 비영리 개인사업자·법인·조합 제외; 프랜차이즈 가맹점 및 가맹점 보유 가맹본부 제외; 전통시장·상점가·소상공인단체 포함(컨설턴트 상담 후 결정); 소상공인 분담금 20%(IP교육 이수 시 면제),태그에 전남·전남광주·전남광주통합특별시 혼재; 공고 지역 조건은 전남 소재
PBLN_000000000119285.hwp,PBLN_000000000119285,경상남도,hwp,,소상공인,예산 소진시까지,[경남] 진주시 2026년 소규모 사업장 방지시설 설치 지원사업(사물인터넷(IoT) 측정기기 부착 지원) 신청 공고,ok,Y,관련자료 붙임 (사물인터넷측정기기부착지원).hwp,,,,,,,,,,
PBLN_000000000119255.hwp,PBLN_000000000119255,전남광주통합특별시,hwp,,소상공인,예산 소진시까지,[전남] 2026년 소상공인 디지털 전환 지원사업 신청ㆍ접수 공고,ok,N,,,,,,,,,,,
PBLN_000000000119155.hwp,PBLN_000000000119155,전북특별자치도,hwp,,소상공인,예산 소진시까지,[전북] 2026년 폐업 소상공인 사업정리 지원사업 공고,ok,Y,[제출서류] 2026년 폐업 소상공인 사업정리 지원사업 제출서류.hwp,,,,,,,,,,
PBLN_000000000119083.hwp,PBLN_000000000119083,충청북도,hwp,,소상공인,예산 소진시까지,[충북] 2026년 소상공인 IP출원(상표출원) 지원 사업 소상공인 수혜자 모집 공고,ok,Y,붙임2. 2026년 소상공인IP창출지원 상표출원지원사업 신청서 및 개인정보동의수집 활용동의서.hwp,,,,,,,,,,
PBLN_000000000119050.hwp,PBLN_000000000119050,경상남도,hwp,,소상공인,2026-02-27 ~ 2026-10-30,[경남] 진주시 우주항공청 이주직원 가족 소상공인 창업 지원사업 공고,ok,Y,우주항공청 이주직원 가족 소상공인 창업 지원사업 신청서식.hwp,,,,,,,,,,
PBLN_000000000119045.hwp,PBLN_000000000119045,강원특별자치도,hwp,,소상공인,예산 소진시까지,[강원] 2026년 소상공인 IP창출지원 상표출원 지원사업 소상공인 수혜자 모집 공고,ok,Y,붙임2. 2026년 소상공인IP창출지원 상표출원지원사업 신청서 및 개인정보동의수집 활용동의서.hwp,,,,,,,,,,
PBLN_000000000119017.pdf,PBLN_000000000119017,서울특별시,pdf,,소상공인,예산 소진시까지,[서울] 2026년 새 길 여는 폐업지원 사업 모집 공고,ok,N,,Y,Y,사업자등록증상 사업장 소재지가 서울,Y,사업자등록증 상 개업연월일로부터 6개월 이상 경과,소상공인(상시근로자 광업·제조업·건설업·운수업 10명 미만·그 외 5명 미만; 업종별 소기업 평균매출액 기준),사치향락업종 및 도박·투기·사치 등 지원 제한업종 제외(유흥주점·부동산업·골프장·금융·보험·담배·다단계·기획부동산 등),사업자등록증 상 대표자 본인 신청-필수,폐업 예정(2026년 10월 이내 폐업신고 완료 예정); 점포형 소상공인(유상 임대차계약·고정 사업장; 소호·공유사무실·공유주방·특수고용직 불가); 기폐업자 제외; 자가 사업장 제외(가족 소유 건물 임대차는 가능); 재단 보증 구상채권·특수채권·관리종결 상태 제외; 2025~2026년 재단 비용지원사업 수혜·진행자 제외; 공동사업자 1인만; 복수 사업 운영 시 1개만,없음
PBLN_000000000118912.hwp,PBLN_000000000118912,경기도,hwp,,소상공인,2026-02-02 ~ 2026-12-31, [경기] 화성시 2026년 동탄 소공인복합지원센터 인프라 지원사업(장비ㆍ시설) 모집공고,ok,Y,동탄소공인복합지원센터 안내 리플렛.pdf,,,,,,,,,,
PBLN_000000000118881.hwp,PBLN_000000000118881,인천광역시,hwp,,소상공인,예산 소진시까지,[인천] 2026년 소공인 경영안정 및 성장지원을 위한 소공인 지원 특례보증 지원사업 공고,ok,N,,,,,,,,,,,
PBLN_000000000118880.hwp,PBLN_000000000118880,인천광역시,hwp,,소상공인,예산 소진시까지,[인천] 2026년 지역 내 소상공인 고용창출 확대를 위한 일자리 창출 특례보증 지원사업 공고,ok,N,,,,,,,,,,,
PBLN_000000000118879.hwp,PBLN_000000000118879,인천광역시,hwp,,소상공인,예산 소진시까지,[인천] 2026년 청년 창업가 육성 및 지원을 위한 청년창업 특례보증 지원사업 공고,ok,N,,,,,,,,,,,
PBLN_000000000118556.jpg,PBLN_000000000118556,중소벤처기업부,jpg,,소상공인,2026-02-09 ~ 2026-12-31,2026년 디지털커머스 전문기관(소담스퀘어 in 광주) 모집 공고,ok,Y,판판대로 공고문.pdf,,,,,,,,,,
PBLN_000000000118213.hwp,PBLN_000000000118213,경기도,hwp,,소상공인,상시 접수,[경기] 2026년 가구디자인창작공간운영사업 경기가구창작스튜디오 공동장비 활용 지원 참여기업 모집 공고,ok,N,,,,,,,,,,,
PBLN_000000000118108.hwp,PBLN_000000000118108,서울특별시,hwp,,소상공인,예산 소진시까지,[서울] 은평구 2026년 소규모 자영업자 LED간판 설치 지원사업 공고,ok,Y,붙임 1 광고물 디자인 가이드라인.hwp@붙임 2  소심의 신청서.hwp@붙임 3 보조금 신청서.hwp,,,,,,,,,,
PBLN_000000000118064.hwp,PBLN_000000000118064,대구광역시,hwp,,소상공인,예산 소진시까지,[대구] 달성군 2026년 소상공인 경영안정자금 지원사업 공고,ok,N,,,,,,,,,,,
PBLN_000000000117950.hwp,PBLN_000000000117950,인천광역시,hwp,,소상공인,예산 소진시까지,[인천] 중구 2026년 소상공인 (특례)협약보증 지원 사업 공고,ok,N,,,,,,,,,,,
PBLN_000000000117979.hwp,PBLN_000000000117979,인천광역시,hwp,,소상공인,예산 소진시까지,[인천] 중구 2026년 소상공인 특례보증 지원 사업 공고,ok,N,,,,,,,,,,,
PBLN_000000000117948.hwp,PBLN_000000000117948,전남광주통합특별시,hwp,,소상공인,예산 소진시까지,[광주] 서구 2026년 소상공인 카드수수료 지원 사업 공고,ok,N,,,,,,,,,,,
PBLN_000000000117972.hwp,PBLN_000000000117972,대전광역시,hwp,,소상공인,예산 소진시까지,[대전] 중구 2026년 소상공인 특례보증 지원사업 공고,ok,N,,,,,,,,,,,
PBLN_000000000117964.pdf,PBLN_000000000117964,경기도,pdf,,소상공인,예산 소진시까지,[경기] 수원시 2026년 소상공인 특례보증 및 수수료 지원 계획 공고,ok,N,,Y,N,수원시 관내에 사업장을 둔 소상공인,Y,사업자등록일로부터 2개월 경과,소상공인(소기업 중 상시근로자 광업·제조업·건설업·운수업 10인 미만·그 외 5인 미만),소상공인 특례보증 제한업종 제외(330㎡ 초과 식당업·유흥주점·담배·안마시술소·금융·보험·사채·부동산업·기획부동산·골프장·카지노·사행성·점술·성인용품·다단계 등),없음,신보 등 보증한도 초과 이용자 제한 가능; 개인 신용도 등 재단 심사에 따라 불가 가능; 수원시 외 이전·휴·폐업 시 지원 중단; 특례보증 수수료(보증금액 연 1%·최대 50만원) 초년도 감면,태그 지역 토큰은 경기+수원시이며 공고 조건 수원시 관내와 일치
PBLN_000000000117920.hwp,PBLN_000000000117920,경기도,hwp,,소상공인,예산 소진시까지,[경기] 안양시 2026년 소상공인 육성 특례보증 지원계획 공고,ok,N,,,,,,,,,,,
PBLN_000000000117918.hwp,PBLN_000000000117918,경기도,hwp,,소상공인,예산 소진시까지,[경기] 안양시 2026년 소상공인 이자차액 보전금 지원계획 공고,ok,N,,,,,,,,,,,
PBLN_000000000117908.pdf,PBLN_000000000117908,중소벤처기업부,pdf,,소상공인,예산 소진시까지,소상공인 경영안정 바우처 지원사업 시행 공고,ok,N,,Y,N,없음,Y-전국,없음(개업일 2025.12.31 이전),영세 소상공인(2025년 연 매출액 0원 초과 1억 400만원 미만; 2025년 개업자는 월평균 매출 연환산),소상공인 정책자금 융자제외 업종 제외(유흥업·담배 중개업·도박기계·사행성·가상자산 매매 등),없음,신청일 기준 휴·폐업 아닌 영업 중; 1인 다수 사업체 대표는 1곳만·공동대표는 주대표 1인만; 사업주 본인 개인명의 카드로만 사용,개업일 기준(2025.12.31 이전)은 업력 연수 조건이 아니라 biz_age를 없음으로 처리하고 괄호로 원문 병기
PBLN_000000000117879.hwp,PBLN_000000000117879,제주특별자치도,hwp,,소상공인,예산 소진시까지,[제주] 2026년 일자리창출 소상공인 사회보험료 지원사업  참여기업 모집 공고,ok,N,,,,,,,,,,,
PBLN_000000000117890.hwp,PBLN_000000000117890,부산광역시,hwp,,소상공인,예산 소진시까지,[부산] 사상구 2026년 어업활동지원 사업 신청 공고,ok,N,,,,,,,,,,,
PBLN_000000000117889.png,PBLN_000000000117889,제주특별자치도,png,,소상공인,2026-01-26 ~ 2026-12-31,[제주] 2026년 소상공인 고용보험료 지원 사업 공고,ok,N,,,,,,,,,,,
PBLN_000000000117791.png,PBLN_000000000117791,인천광역시,png,,소상공인,예산 소진시까지,[인천] 2026년 희망인천 특례보증 1단계 공고,ok,N,,,,,,,,,,,
PBLN_000000000117805.hwp,PBLN_000000000117805,제주특별자치도,hwp,,소상공인,예산 소진시까지,[제주] 제주시 2026년 1인 소상공인 출산급여 지원 사업 공고,ok,N,,,,,,,,,,,
PBLN_000000000117774.hwp,PBLN_000000000117774,서울특별시,hwp,,중소기업,2026-01-20 ~ 2026-11-30,[서울] 가죽ㆍ패션산업 소공인 장비 임대지원사업 공고,ok,Y,[강동가죽제조지원센터] 가죽·패션산업 소공인 장비지원 사업 신청서.hwp@[강동가죽제조지원센터] 포스터(png).png,,,,,,,,,,
PBLN_000000000117737.hwp,PBLN_000000000117737,대전광역시,hwp,,소상공인,2026-01-21 ~ 2026-11-30,[대전] 2026년 소상공인 인건비 지원사업 공고,ok,Y,온라인+접수방법.pdf@[현장실사이후제출]+지원금+지급+신청서.hwp@[사업신청서]26년+인건비지원사업.hwp,,,,,,,,,,
PBLN_000000000117730.hwp,PBLN_000000000117730,경기도,hwp,,소상공인,2026-01-07 ~ 2026-12-12,[경기] 김포시 2026년 음식점 위생등급 지정업소 종합청소비 지원사업 참여업소 모집 공고,ok,N,,,,,,,,,,,
PBLN_000000000117676.hwp,PBLN_000000000117676,중소벤처기업부,hwp,,소상공인,세부사업별 상이,2026년 희망리턴패키지 원스톱폐업지원 소상공인 모집 공고,ok,N,,,,,,,,,,,
PBLN_000000000117673.hwp,PBLN_000000000117673,중소벤처기업부,hwp,,소상공인,예산 소진시까지,2026년 희망리턴패키지 특화취업지원 소상공인 모집 수정 공고,ok,Y,(붙임2) 2026년 희망리턴패키지 업무편람(전직장려수당)_수정.hwp,,,,,,,,,,
PBLN_000000000117644.hwp,PBLN_000000000117644,강원특별자치도,hwp,,중소기업,예산 소진시까지,[강원] 화천군 2026년 중소기업 및 소상공인 육성자금 융자추천 및 이차보전 지원계획 공고,ok,N,,,,,,,,,,,
PBLN_000000000117624.hwp,PBLN_000000000117624,강원특별자치도,hwp,,소상공인,예산 소진시까지,[강원] 속초시 2026년 소상공인 특례보증 지원 계획 공고,ok,Y,특례보증추천서(서식).hwp@특례보증신청서(서식).hwp,,,,,,,,,,
PBLN_000000000117621.hwp,PBLN_000000000117621,강원특별자치도,hwp,,소상공인,예산 소진시까지,[강원] 속초시 2026년 소상공인 특례보증 수수료 지원 사업 공고,ok,Y,속초시 특례보증 보증수수료 지원 신청서식.hwp,,,,,,,,,,
PBLN_000000000117597.hwp,PBLN_000000000117597,강원특별자치도,hwp,,소상공인,예산 소진시까지,[강원] 태백시 2026년 소상공인 특례보증ㆍ이차보전 지원 계획 공고,ok,N,,,,,,,,,,,
PBLN_000000000117579.hwp,PBLN_000000000117579,충청북도,hwp,,소상공인,예산 소진시까지,[충북] 단양군 2026년 소상공인 융자금 이차보전 지원사업 공고,ok,N,,,,,,,,,,,
PBLN_000000000117576.hwp,PBLN_000000000117576,충청북도,hwp,,소상공인,예산 소진시까지,[충북] 괴산군 2026년 저신용 소상공인 대출이자 지원사업 공고,ok,N,,,,,,,,,,,
PBLN_000000000117534.pdf,PBLN_000000000117534,충청남도,pdf,,소상공인,예산 소진시까지,[충남] 태안군 2026년 소상공인 특례보증 신청 공고,ok,N,,Y,N,태안군 소재 소상공인,Y,없음,소상공인,지원제외대상 업종 제외(소상공인 정책자금 융자제외 업종: 도박·담배·약국·유흥주점·가상자산·금융·보험·부동산업·법무회계·수의업·보건업·골프장·카지노·안마시술소·점술 등),없음,충남신용보증재단 보증심사를 거쳐 보증금액 확정,공고문이 3쪽으로 간략하며 지역·소상공인·제외업종 외 조건 없음; 태그 지역 토큰 충남+태안군이 공고 조건과 일치
PBLN_000000000117526.hwp,PBLN_000000000117526,경상남도,hwp,,소상공인,예산 소진시까지,[경남] 2026년 소상공인 정책자금 운용계획 공고,ok,N,,,,,,,,,,,
PBLN_000000000117498.hwp,PBLN_000000000117498,충청남도,hwp,,소상공인,예산 소진시까지,[충남]  공주시 2026년 소상공인 특례보증 지원계획 공고,ok,Y,소상공인자금 지원제외 대상 업종.hwp,,,,,,,,,,
PBLN_000000000117495.hwp,PBLN_000000000117495,전북특별자치도,hwp,,소상공인,예산 소진시까지,[전북] 무주군 2026년 소상공인 특례보증 및 이차보전금 지원 사업 공고,ok,N,,,,,,,,,,,
PBLN_000000000117511.hwp,PBLN_000000000117511,전북특별자치도,hwp,,소상공인,예산 소진시까지,[전북] 진안군 2026년 소상공인 지원사업(환경개선) 공고,ok,N,,,,,,,,,,,
PBLN_000000000117368.hwp,PBLN_000000000117368,전남광주통합특별시,hwp,,소상공인,2026-01-15 ~ 2026-10-15,[전남] 강진군 밀키트 판매업소 포장재 지원사업장 모집 공고,ok,N,,,,,,,,,,,
PBLN_000000000117367.hwp,PBLN_000000000117367,전남광주통합특별시,hwp,,소상공인,2026-01-15 ~ 2026-10-15,[전남] 강진군 밀키트 판매업소 장비 지원사업장 모집 공고,ok,N,,,,,,,,,,,
PBLN_000000000117365.hwp,PBLN_000000000117365,전남광주통합특별시,hwp,,소상공인,2026-01-07 ~ 2026-12-18,[전남] 강진군 2026년 소상공인 창업 임대료 지원사업 모집 공고,ok,Y,[붙임 2] 지원금 청구서 서식.hwp@[붙임 1] 지원사업 신청서 서식.hwp,,,,,,,,,,
PBLN_000000000117309.hwp,PBLN_000000000117309,경상남도,hwp,,소상공인,예산 소진시까지,[경남] 함안군 2026년 소상공인 육성자금(이자) 지원계획 공고,ok,N,,,,,,,,,,,
PBLN_000000000117277.hwp,PBLN_000000000117277,경상남도,hwp,,창업벤처,예산 소진시까지,[경남] 하동군 2026년 소상공인 생애 첫 창업 지원사업 공고,ok,N,,,,,,,,,,,
PBLN_000000000117287.hwp,PBLN_000000000117287,경상남도,hwp,,소상공인,예산 소진시까지,[경남] 하동군 2026년 소상공인 건강검진 지원사업 공고,ok,N,,,,,,,,,,,
PBLN_000000000117283.hwp,PBLN_000000000117283,경상남도,hwp,,소상공인,예산 소진시까지,[경남] 거제시 2026년 저신용 소상공인 이차보전 지원사업 계획 공고,ok,N,,,,,,,,,,,
PBLN_000000000117223.pdf,PBLN_000000000117223,대전광역시,pdf,,소상공인,예산 소진시까지,[대전] 2026년 1차 소상공인 초저금리 특별자금 지원 계획 공고,ok,Y,(26년1차)대전형_초저금리_특별자금_공고문.hwp,Y,Y,대전지역에 소재하고 있는 소상공인,Y,없음,소상공인(소상공인기본법; 개인 또는 법인사업자),금융·보험업·사치 향락적 소비나 투기를 조장하는 업종 제외(소상공인지원자금 융자제외 대상 업종),없음,사업자등록증상 사업개시년월일이 지난 업체; 휴·폐업 및 금융기관 여신거래 불가자 제외; 2026년 초저금리 특별자금 7000만원 이상 대출실행 이력 제외; Track2(대환)는 기존 대전신보 보증부대출 보유자 대상(개인택시·햇살론·경영위기극복 특례보증 등 일부 상품 대환 불가); Track1 신규는 일반신청 불가·특별지원(성실상환자·땡겨요 입점업체·만70세 이상 고령자)만 상시접수; 타 시도 이전 시 이자지원 중지,금번 차수는 대환(Track2) 중심; Track1 특별지원 대상별 세부요건(성실상환자는 2년 이내 재단 보증 전액상환·연체 없음; 땡겨요 주문이력 3회 이상; 만70세 이상)이 별도 존재하여 owner에는 미기재
PBLN_000000000117221.pdf,PBLN_000000000117221,대전광역시,pdf,,소상공인,예산 소진시까지,[대전] 소상공인 경영위기극복 특례보증 지원 공고,ok,Y,대전시_경영위기극복_특례보증_공고문.hwp,Y,Y,대전광역시 관내에 사업장이 소재하고 있는 소상공인,Y,없음,소상공인(소상공인기본법; 개인·법인 사업자),T2 생활밀접업종(도매업·소매업·음식점업·숙박업·서비스업)은 별도 트랙; 금융·보험업·사치 향락적 소비나 투기를 조장하는 업종 제외,T1 청년소상공인(대표자 만39세 이하)-트랙 구분(T3 일반소상공인도 지원 가능하므로 필수 아님),사업자등록증상 사업개시연월일이 지난 정상 영업 중 업체; 허위·부정 신청자 제외; 휴·폐업 및 금융기관 여신거래 불가자 제외; 2026년 경영위기극복 특례보증 기수혜자 제외; 2026년 초저금리 특별자금 T1 신규보증 잔액 보유자 제외; 지역신보 보증 2억원 이상 또는 지역신보·신보·기보 총보증 4억원 이상 제외; 타 시도 이전 시 이자지원 중지,PDF 텍스트 추출이 어순 뒤섞임(세로표 아님·글자 순서 오류)이라 이미지로 대조하여 판독; 트랙(T1 청년·T2 생활밀접·T3 일반) 구조로 청년·업종은 필수조건이 아닌 배정구분임; 태그의 청년소상공인·음식점업 등은 트랙 반영
PBLN_000000000117168.pdf,PBLN_000000000117168,대구광역시,pdf,,소상공인,예산 소진시까지,[대구] 2025년 4차 소상공인 맞춤형 출산ㆍ양육지원 사업 모집 공고,ok,Y,대구 소상공인 맞춤형 출산양육지원사업 Q&A_(최종).pdf@서식4호_무주택 임차 소상공인 육아응원금_신청서.hwp@서식2호_출산소상공인 양육비_신청서.hwp,Y,Y,대구시에 주소와 사업장을 둔 소상공인(2024.1.1 이전부터 대구시 사업자등록증명원 소재지 및 주소지 유지),Y,없음,소상공인(상시근로자 광업·제조업·건설업·운수업 10인 미만·그 밖 5인 미만; 숙박음식·서비스업 평균매출 10억원 이하·도소매업 50억원 이하),소상공인정책자금 지원제외 업종 제외(도박·담배·모피도매·약국·유흥주점·금융·보험·부동산업·법무회계·수의업·보건업·골프장·안마시술소·점술 등),출산형: 2025.1.1 이후 자녀 출산-필수(출생아 대구 주민등록); 무주택형: 2017.1.1~2024.12.31 출생 자녀 양육 + 본인·배우자 무주택(주택·상업용 건물 미소유)-필수,2개 사업(출산 양육비 250만원·무주택 육아응원금 100만원) 중 택1; 무주택형은 사업장 임대차계약 체결(사업자등록증 주소와 일치); 배우자 대구 사업장 운영 시 중복 불가; 다수 사업장 1곳만; 사업자등록증 명의와 신청인 상이 제외; 휴·폐업 제외; 최근 1년 내 임금체불·중대재해 제외; 1~3회차 기수혜자 중복신청 불가,거주지+사업장 모두 대구 요건에 더해 2024.1.1 이전부터 유지라는 기간 요건이 있음(업력이 아니라 거주·소재 기간); 태그의 무주택은 무주택형 조건 반영
PBLN_000000000117167.pdf,PBLN_000000000117167,경기도,pdf,,소상공인,2026-01-06 ~ 2026-12-31,[경기] 포천시 2026년 소공인가구지원센터 운영 지원 사업 공고,ok,N,,Y,Y,포천시 소재,Y,없음,소공인(상시근로자 수 10인 미만),가구제조업(가구·공예 제조),없음,휴·폐업 제외; 부도·자본전액잠식 제외; 국세·지방세 체납처분 제외; 파산·회생·개인회생 신청 제외; 결산감사 의견거절·부정 제외; 허위기재·증빙조작 제외; 공동장비·작업장 이용 시 소액 수수료 자부담(원목가공 1일 2만원·시작품 건당 10만원 등),PDF 텍스트 추출이 어순 뒤섞임(글자 순서 오류)이라 이미지로 대조하여 판독; 지원대상은 소상공인이 아닌 소공인이며 업종이 가구제조업으로 특정됨(KSIC C32 가구 제조업에 대응); 태그 지역 토큰 경기+포천시가 공고 조건과 일치
PBLN_000000000117096.hwp,PBLN_000000000117096,대전광역시,hwp,,중소기업,예산 소진시까지,[대전] 서구 2026년 소상공인 경영안정자금 지원사업 공고,ok,N,,,,,,,,,,,
PBLN_000000000117094.hwp,PBLN_000000000117094,충청남도,hwp,,소상공인,예산 소진시까지,[충남] 2026년 소상공인자금 융자 지원계획 공고,ok,N,,,,,,,,,,,
PBLN_000000000117103.hwp,PBLN_000000000117103,대전광역시,hwp,,소상공인,예산 소진시까지,[대전] 유성구 2026년 소상공인 특례보증 지원사업 공고,ok,N,,,,,,,,,,,
PBLN_000000000117072.hwp,PBLN_000000000117072,경기도,hwp,,소상공인,상시 접수,[경기] 부천시 2026년 골목형상점가 지정 모집 공고,ok,N,,,,,,,,,,,
PBLN_000000000117071.hwp,PBLN_000000000117071,부산광역시,hwp,,소상공인,예산 소진시까지,[부산] 사상구 2026년 소상공인 보증료 지원사업 대상자 모집 공고,ok,N,,,,,,,,,,,
PBLN_000000000117038.hwp,PBLN_000000000117038,충청북도,hwp,,소상공인,예산 소진시까지,[충북] 2026년 소상공인 육성자금 지원계획 공고,ok,N,,,,,,,,,,,
PBLN_000000000117022.pdf,PBLN_000000000117022,중소벤처기업부,pdf,,소상공인,예산 소진시까지,2026년 소상공인 고용보험료 지원사업 공고,ok,N,,Y,N,없음,Y-전국,없음,소상공인(상시근로자 5명 미만·광업·제조업·건설업·운수업 10명 미만; 업종별 연간매출액 숙박음식·수리개인서비스 10억·도소매 50억·농림어업·광업·건설·운수 80억·일부 제조업 120억원 이하 등),없음,없음,자영업자 고용보험 가입 소상공인(사업주); 공동사업자는 1인만; 사업자등록증 내용 변경 시 재신청,자영업자 고용보험 가입대상 자체 조건(50인 미만 근로자 사업주; 만65세 이상 실업급여 가입 불가)은 붙임 제도 소개에만 있어 other에 미기재
PBLN_000000000117016.pdf,PBLN_000000000117016,중소벤처기업부,pdf,,소상공인,세부사업별 상이,2026년 중소벤처기업부 소상공인 지원사업 통합 공고,ok,Y,2026년_중소벤처기업부_소상공인_지원사업_통합_공고_인포그래픽.pdf,Y,Y,없음,Y-전국,백년가게 업력 30년 이상·백년소공인 업력 15년 이상(사업별 상이),사업별 상이(소상공인·소공인 상시근로자 10인 미만 제조업·5인 이상 협동조합 등),사업별 상이(소공인 사업은 제조업; 백년가게는 제조업 제외),없음,26개 세부사업 통합공고로 사업별 자격 상이(예비창업자·소상공인·소공인·폐업 소상공인·협동조합·지자체·법인단체·상권 컨소시엄); 경영안정 바우처는 연매출 0원 초과 1억 400만원 미만(잠정); 고용보험료 지원은 자영업자 고용보험 가입자; 희망리턴패키지는 경영위기·폐업(예정) 소상공인; 세부 요건은 개별 공고 참조,통합공고이므로 단일 자격 추출 불가; 각 사업의 지원대상만 개요표 수준으로 기재되며 상세 조건은 사업별 개별 공고에 위임됨
PBLN_000000000116998.hwp,PBLN_000000000116998,경상북도,hwp,,소상공인,상시 접수,[경북] 2026년 소상공인육성자금(경북버팀금융) 이차보전 지원 계획 공고,ok,N,,,,,,,,,,,
PBLN_000000000116966.hwp,PBLN_000000000116966,경상남도,hwp,,소상공인,2025-12-23 ~ 2026-12-31,[경남] 김해시 2026년 가축분뇨 수집ㆍ운반 수수료 지원사업 신청서 접수 공고,ok,N,,,,,,,,,,,
PBLN_000000000092578.hwp,PBLN_000000000092578,국세청,hwp,,소상공인,2020.01.01 ~ 2026.12.31,영세개인사업자의 체납액 징수특례 제도 안내,ok,N,,,,,,,,,,,
